Mod:Item:MetaData, Localized Name
minecraft:air, Air
minecraft:stone:0, Stone
minecraft:stone:1, Granite
minecraft:stone:2, Polished Granite
minecraft:stone:3, Diorite
minecraft:stone:4, Polished Diorite
minecraft:stone:5, Andesite
minecraft:stone:6, Polished Andesite
minecraft:grass, Grass Block
minecraft:dirt:0, Dirt
minecraft:dirt:1, Coarse Dirt
minecraft:dirt:2, Podzol
minecraft:cobblestone, Cobblestone
minecraft:planks:0, Oak Wood Planks
minecraft:planks:1, Spruce Wood Planks
minecraft:planks:2, Birch Wood Planks
minecraft:planks:3, Jungle Wood Planks
minecraft:planks:4, Acacia Wood Planks
minecraft:planks:5, Dark Oak Wood Planks
minecraft:sapling:0, Oak Sapling
minecraft:sapling:1, Spruce Sapling
minecraft:sapling:2, Birch Sapling
minecraft:sapling:3, Jungle Sapling
minecraft:sapling:4, Acacia Sapling
minecraft:sapling:5, Dark Oak Sapling
minecraft:bedrock, Bedrock
minecraft:sand:0, Sand
minecraft:sand:1, Red Sand
minecraft:gravel, Gravel
minecraft:gold_ore, Gold Ore
minecraft:iron_ore, Iron Ore
minecraft:coal_ore, Coal Ore
minecraft:log:0, Oak Wood
minecraft:log:1, Spruce Wood
minecraft:log:2, Birch Wood
minecraft:log:3, Jungle Wood
minecraft:leaves:0, Oak Leaves
minecraft:leaves:1, Spruce Leaves
minecraft:leaves:2, Birch Leaves
minecraft:leaves:3, Jungle Leaves
minecraft:sponge:0, Sponge
minecraft:sponge:1, Wet Sponge
minecraft:glass, Glass
minecraft:lapis_ore, Lapis Lazuli Ore
minecraft:lapis_block, Lapis Lazuli Block
minecraft:dispenser, Dispenser
minecraft:sandstone:0, Sandstone
minecraft:sandstone:1, Chiseled Sandstone
minecraft:sandstone:2, Smooth Sandstone
minecraft:noteblock, Note Block
minecraft:golden_rail, Powered Rail
minecraft:detector_rail, Detector Rail
minecraft:sticky_piston, Sticky Piston
minecraft:web, Cobweb
minecraft:tallgrass:1, Grass
minecraft:tallgrass:2, Fern
minecraft:deadbush, Dead Bush
minecraft:piston, Piston
minecraft:wool:0, White Wool
minecraft:wool:1, Orange Wool
minecraft:wool:2, Magenta Wool
minecraft:wool:3, Light Blue Wool
minecraft:wool:4, Yellow Wool
minecraft:wool:5, Lime Wool
minecraft:wool:6, Pink Wool
minecraft:wool:7, Gray Wool
minecraft:wool:8, Light Gray Wool
minecraft:wool:9, Cyan Wool
minecraft:wool:10, Purple Wool
minecraft:wool:11, Blue Wool
minecraft:wool:12, Brown Wool
minecraft:wool:13, Green Wool
minecraft:wool:14, Red Wool
minecraft:wool:15, Black Wool
minecraft:yellow_flower:0, Dandelion
minecraft:red_flower:0, Poppy
minecraft:red_flower:1, Blue Orchid
minecraft:red_flower:2, Allium
minecraft:red_flower:3, Azure Bluet
minecraft:red_flower:4, Red Tulip
minecraft:red_flower:5, Orange Tulip
minecraft:red_flower:6, White Tulip
minecraft:red_flower:7, Pink Tulip
minecraft:red_flower:8, Oxeye Daisy
minecraft:brown_mushroom, Mushroom
minecraft:red_mushroom, Mushroom
minecraft:gold_block, Block of Gold
minecraft:iron_block, Block of Iron
minecraft:stone_slab:0, Stone Slab
minecraft:stone_slab:1, Sandstone Slab
minecraft:stone_slab:3, Cobblestone Slab
minecraft:stone_slab:4, Bricks Slab
minecraft:stone_slab:5, Stone Bricks Slab
minecraft:stone_slab:6, Nether Brick Slab
minecraft:stone_slab:7, Quartz Slab
minecraft:brick_block, Bricks
minecraft:tnt, TNT
minecraft:bookshelf, Bookshelf
minecraft:mossy_cobblestone, Moss Stone
minecraft:obsidian, Obsidian
minecraft:torch, Torch
minecraft:mob_spawner, Monster Spawner
minecraft:oak_stairs, Oak Wood Stairs
minecraft:chest, Chest
minecraft:diamond_ore, Diamond Ore
minecraft:diamond_block, Block of Diamond
minecraft:crafting_table, Crafting Table
minecraft:farmland, Farmland
minecraft:furnace, Furnace
minecraft:ladder, Ladder
minecraft:rail, Rail
minecraft:stone_stairs, Cobblestone Stairs
minecraft:lever, Lever
minecraft:stone_pressure_plate, Stone Pressure Plate
minecraft:wooden_pressure_plate, Wooden Pressure Plate
minecraft:redstone_ore, Redstone Ore
minecraft:redstone_torch, Redstone Torch
minecraft:stone_button, Button
minecraft:snow_layer, Snow
minecraft:ice, Ice
minecraft:snow, Snow
minecraft:cactus, Cactus
minecraft:clay, Clay
minecraft:jukebox, Jukebox
minecraft:fence, Oak Fence
minecraft:pumpkin, Pumpkin
minecraft:netherrack, Netherrack
minecraft:soul_sand, Soul Sand
minecraft:glowstone, Glowstone
minecraft:lit_pumpkin, Jack o'Lantern
minecraft:stained_glass:0, White Stained Glass
minecraft:stained_glass:1, Orange Stained Glass
minecraft:stained_glass:2, Magenta Stained Glass
minecraft:stained_glass:3, Light Blue Stained Glass
minecraft:stained_glass:4, Yellow Stained Glass
minecraft:stained_glass:5, Lime Stained Glass
minecraft:stained_glass:6, Pink Stained Glass
minecraft:stained_glass:7, Gray Stained Glass
minecraft:stained_glass:8, Light Gray Stained Glass
minecraft:stained_glass:9, Cyan Stained Glass
minecraft:stained_glass:10, Purple Stained Glass
minecraft:stained_glass:11, Blue Stained Glass
minecraft:stained_glass:12, Brown Stained Glass
minecraft:stained_glass:13, Green Stained Glass
minecraft:stained_glass:14, Red Stained Glass
minecraft:stained_glass:15, Black Stained Glass
minecraft:trapdoor, Wooden Trapdoor
minecraft:monster_egg:0, Stone Monster Egg
minecraft:monster_egg:1, Cobblestone Monster Egg
minecraft:monster_egg:2, Stone Brick Monster Egg
minecraft:monster_egg:3, Mossy Stone Brick Monster Egg
minecraft:monster_egg:4, Cracked Stone Brick Monster Egg
minecraft:monster_egg:5, Chiseled Stone Brick Monster Egg
minecraft:stonebrick:0, Stone Bricks
minecraft:stonebrick:1, Mossy Stone Bricks
minecraft:stonebrick:2, Cracked Stone Bricks
minecraft:stonebrick:3, Chiseled Stone Bricks
minecraft:brown_mushroom_block, Mushroom
minecraft:red_mushroom_block, Mushroom
minecraft:iron_bars, Iron Bars
minecraft:glass_pane, Glass Pane
minecraft:melon_block, Melon
minecraft:vine, Vines
minecraft:fence_gate, Oak Fence Gate
minecraft:brick_stairs, Brick Stairs
minecraft:stone_brick_stairs, Stone Brick Stairs
minecraft:mycelium, Mycelium
minecraft:waterlily, Lily Pad
minecraft:nether_brick, Nether Brick
minecraft:nether_brick_fence, Nether Brick Fence
minecraft:nether_brick_stairs, Nether Brick Stairs
minecraft:enchanting_table, Enchantment Table
minecraft:end_portal_frame, End Portal
minecraft:end_stone, End Stone
minecraft:dragon_egg, Dragon Egg
minecraft:redstone_lamp, Redstone Lamp
minecraft:wooden_slab:0, Oak Wood Slab
minecraft:wooden_slab:1, Spruce Wood Slab
minecraft:wooden_slab:2, Birch Wood Slab
minecraft:wooden_slab:3, Jungle Wood Slab
minecraft:wooden_slab:4, Acacia Wood Slab
minecraft:wooden_slab:5, Dark Oak Wood Slab
minecraft:sandstone_stairs, Sandstone Stairs
minecraft:emerald_ore, Emerald Ore
minecraft:ender_chest, Ender Chest
minecraft:tripwire_hook, Tripwire Hook
minecraft:emerald_block, Block of Emerald
minecraft:spruce_stairs, Spruce Wood Stairs
minecraft:birch_stairs, Birch Wood Stairs
minecraft:jungle_stairs, Jungle Wood Stairs
minecraft:command_block, Command Block
minecraft:beacon, Beacon
minecraft:cobblestone_wall:0, Cobblestone Wall
minecraft:cobblestone_wall:1, Mossy Cobblestone Wall
minecraft:wooden_button, Button
minecraft:anvil:0, Anvil
minecraft:anvil:1, Slightly Damaged Anvil
minecraft:anvil:2, Very Damaged Anvil
minecraft:trapped_chest, Trapped Chest
minecraft:light_weighted_pressure_plate, Weighted Pressure Plate (Light)
minecraft:heavy_weighted_pressure_plate, Weighted Pressure Plate (Heavy)
minecraft:daylight_detector, Daylight Sensor
minecraft:redstone_block, Block of Redstone
minecraft:quartz_ore, Nether Quartz Ore
minecraft:hopper, Hopper
minecraft:quartz_block:0, Block of Quartz
minecraft:quartz_block:1, Chiseled Quartz Block
minecraft:quartz_block:2, Pillar Quartz Block
minecraft:quartz_stairs, Quartz Stairs
minecraft:activator_rail, Activator Rail
minecraft:dropper, Dropper
minecraft:stained_hardened_clay:0, White Terracotta
minecraft:stained_hardened_clay:1, Orange Terracotta
minecraft:stained_hardened_clay:2, Magenta Terracotta
minecraft:stained_hardened_clay:3, Light Blue Terracotta
minecraft:stained_hardened_clay:4, Yellow Terracotta
minecraft:stained_hardened_clay:5, Lime Terracotta
minecraft:stained_hardened_clay:6, Pink Terracotta
minecraft:stained_hardened_clay:7, Gray Terracotta
minecraft:stained_hardened_clay:8, Light Gray Terracotta
minecraft:stained_hardened_clay:9, Cyan Terracotta
minecraft:stained_hardened_clay:10, Purple Terracotta
minecraft:stained_hardened_clay:11, Blue Terracotta
minecraft:stained_hardened_clay:12, Brown Terracotta
minecraft:stained_hardened_clay:13, Green Terracotta
minecraft:stained_hardened_clay:14, Red Terracotta
minecraft:stained_hardened_clay:15, Black Terracotta
minecraft:stained_glass_pane:0, White Stained Glass Pane
minecraft:stained_glass_pane:1, Orange Stained Glass Pane
minecraft:stained_glass_pane:2, Magenta Stained Glass Pane
minecraft:stained_glass_pane:3, Light Blue Stained Glass Pane
minecraft:stained_glass_pane:4, Yellow Stained Glass Pane
minecraft:stained_glass_pane:5, Lime Stained Glass Pane
minecraft:stained_glass_pane:6, Pink Stained Glass Pane
minecraft:stained_glass_pane:7, Gray Stained Glass Pane
minecraft:stained_glass_pane:8, Light Gray Stained Glass Pane
minecraft:stained_glass_pane:9, Cyan Stained Glass Pane
minecraft:stained_glass_pane:10, Purple Stained Glass Pane
minecraft:stained_glass_pane:11, Blue Stained Glass Pane
minecraft:stained_glass_pane:12, Brown Stained Glass Pane
minecraft:stained_glass_pane:13, Green Stained Glass Pane
minecraft:stained_glass_pane:14, Red Stained Glass Pane
minecraft:stained_glass_pane:15, Black Stained Glass Pane
minecraft:leaves2:0, Acacia Leaves
minecraft:leaves2:1, Dark Oak Leaves
minecraft:log2:0, Acacia Wood
minecraft:log2:1, Dark Oak Wood
minecraft:acacia_stairs, Acacia Wood Stairs
minecraft:dark_oak_stairs, Dark Oak Wood Stairs
minecraft:slime, Slime Block
minecraft:barrier, Barrier
minecraft:iron_trapdoor, Iron Trapdoor
minecraft:prismarine:0, Prismarine
minecraft:prismarine:1, Prismarine Bricks
minecraft:prismarine:2, Dark Prismarine
minecraft:sea_lantern, Sea Lantern
minecraft:hay_block, Hay Bale
minecraft:carpet:0, White Carpet
minecraft:carpet:1, Orange Carpet
minecraft:carpet:2, Magenta Carpet
minecraft:carpet:3, Light Blue Carpet
minecraft:carpet:4, Yellow Carpet
minecraft:carpet:5, Lime Carpet
minecraft:carpet:6, Pink Carpet
minecraft:carpet:7, Gray Carpet
minecraft:carpet:8, Light Gray Carpet
minecraft:carpet:9, Cyan Carpet
minecraft:carpet:10, Purple Carpet
minecraft:carpet:11, Blue Carpet
minecraft:carpet:12, Brown Carpet
minecraft:carpet:13, Green Carpet
minecraft:carpet:14, Red Carpet
minecraft:carpet:15, Black Carpet
minecraft:hardened_clay, Terracotta
minecraft:coal_block, Block of Coal
minecraft:packed_ice, Packed Ice
minecraft:double_plant:0, Sunflower
minecraft:double_plant:1, Lilac
minecraft:double_plant:2, Double Tallgrass
minecraft:double_plant:3, Large Fern
minecraft:double_plant:4, Rose Bush
minecraft:double_plant:5, Peony
minecraft:red_sandstone:0, Red Sandstone
minecraft:red_sandstone:1, Chiseled Red Sandstone
minecraft:red_sandstone:2, Smooth Red Sandstone
minecraft:red_sandstone_stairs, Red Sandstone Stairs
minecraft:stone_slab2:0, Red Sandstone Slab
minecraft:spruce_fence_gate, Spruce Fence Gate
minecraft:birch_fence_gate, Birch Fence Gate
minecraft:jungle_fence_gate, Jungle Fence Gate
minecraft:dark_oak_fence_gate, Dark Oak Fence Gate
minecraft:acacia_fence_gate, Acacia Fence Gate
minecraft:spruce_fence, Spruce Fence
minecraft:birch_fence, Birch Fence
minecraft:jungle_fence, Jungle Fence
minecraft:dark_oak_fence, Dark Oak Fence
minecraft:acacia_fence, Acacia Fence
minecraft:end_rod, End Rod
minecraft:chorus_plant, Chorus Plant
minecraft:chorus_flower, Chorus Flower
minecraft:purpur_block, Purpur Block
minecraft:purpur_pillar, Purpur Pillar
minecraft:purpur_stairs, Purpur Stairs
minecraft:purpur_slab:0, Purpur Slab
minecraft:end_bricks, End Stone Bricks
minecraft:grass_path, Grass Path
minecraft:repeating_command_block, Repeating Command Block
minecraft:chain_command_block, Chain Command Block
minecraft:magma, Magma Block
minecraft:nether_wart_block, Nether Wart Block
minecraft:red_nether_brick, Red Nether Brick
minecraft:bone_block, Bone Block
minecraft:structure_void, Structure Void
minecraft:observer, Observer
minecraft:white_shulker_box, White Shulker Box
minecraft:orange_shulker_box, Orange Shulker Box
minecraft:magenta_shulker_box, Magenta Shulker Box
minecraft:light_blue_shulker_box, Light Blue Shulker Box
minecraft:yellow_shulker_box, Yellow Shulker Box
minecraft:lime_shulker_box, Lime Shulker Box
minecraft:pink_shulker_box, Pink Shulker Box
minecraft:gray_shulker_box, Gray Shulker Box
minecraft:silver_shulker_box, Light Gray Shulker Box
minecraft:cyan_shulker_box, Cyan Shulker Box
minecraft:purple_shulker_box, Purple Shulker Box
minecraft:blue_shulker_box, Blue Shulker Box
minecraft:brown_shulker_box, Brown Shulker Box
minecraft:green_shulker_box, Green Shulker Box
minecraft:red_shulker_box, Red Shulker Box
minecraft:black_shulker_box, Black Shulker Box
minecraft:white_glazed_terracotta, White Glazed Terracotta
minecraft:orange_glazed_terracotta, Orange Glazed Terracotta
minecraft:magenta_glazed_terracotta, Magenta Glazed Terracotta
minecraft:light_blue_glazed_terracotta, Light Blue Glazed Terracotta
minecraft:yellow_glazed_terracotta, Yellow Glazed Terracotta
minecraft:lime_glazed_terracotta, Lime Glazed Terracotta
minecraft:pink_glazed_terracotta, Pink Glazed Terracotta
minecraft:gray_glazed_terracotta, Gray Glazed Terracotta
minecraft:silver_glazed_terracotta, Light Gray Glazed Terracotta
minecraft:cyan_glazed_terracotta, Cyan Glazed Terracotta
minecraft:purple_glazed_terracotta, Purple Glazed Terracotta
minecraft:blue_glazed_terracotta, Blue Glazed Terracotta
minecraft:brown_glazed_terracotta, Brown Glazed Terracotta
minecraft:green_glazed_terracotta, Green Glazed Terracotta
minecraft:red_glazed_terracotta, Red Glazed Terracotta
minecraft:black_glazed_terracotta, Black Glazed Terracotta
minecraft:concrete:0, White Concrete
minecraft:concrete:1, Orange Concrete
minecraft:concrete:2, Magenta Concrete
minecraft:concrete:3, Light Blue Concrete
minecraft:concrete:4, Yellow Concrete
minecraft:concrete:5, Lime Concrete
minecraft:concrete:6, Pink Concrete
minecraft:concrete:7, Gray Concrete
minecraft:concrete:8, Light Gray Concrete
minecraft:concrete:9, Cyan Concrete
minecraft:concrete:10, Purple Concrete
minecraft:concrete:11, Blue Concrete
minecraft:concrete:12, Brown Concrete
minecraft:concrete:13, Green Concrete
minecraft:concrete:14, Red Concrete
minecraft:concrete:15, Black Concrete
minecraft:concrete_powder:0, White Concrete Powder
minecraft:concrete_powder:1, Orange Concrete Powder
minecraft:concrete_powder:2, Magenta Concrete Powder
minecraft:concrete_powder:3, Light Blue Concrete Powder
minecraft:concrete_powder:4, Yellow Concrete Powder
minecraft:concrete_powder:5, Lime Concrete Powder
minecraft:concrete_powder:6, Pink Concrete Powder
minecraft:concrete_powder:7, Gray Concrete Powder
minecraft:concrete_powder:8, Light Gray Concrete Powder
minecraft:concrete_powder:9, Cyan Concrete Powder
minecraft:concrete_powder:10, Purple Concrete Powder
minecraft:concrete_powder:11, Blue Concrete Powder
minecraft:concrete_powder:12, Brown Concrete Powder
minecraft:concrete_powder:13, Green Concrete Powder
minecraft:concrete_powder:14, Red Concrete Powder
minecraft:concrete_powder:15, Black Concrete Powder
minecraft:structure_block, Structure Block
minecraft:iron_shovel, Iron Shovel
minecraft:iron_pickaxe, Iron Pickaxe
minecraft:iron_axe, Iron Axe
minecraft:flint_and_steel, Flint and Steel
minecraft:apple, Apple
minecraft:bow, Bow
minecraft:arrow, Arrow
minecraft:coal:0, Coal
minecraft:coal:1, Charcoal
minecraft:diamond, Diamond
minecraft:iron_ingot, Iron Ingot
minecraft:gold_ingot, Gold Ingot
minecraft:iron_sword, Iron Sword
minecraft:wooden_sword, Wooden Sword
minecraft:wooden_shovel, Wooden Shovel
minecraft:wooden_pickaxe, Wooden Pickaxe
minecraft:wooden_axe, Wooden Axe
minecraft:stone_sword, Stone Sword
minecraft:stone_shovel, Stone Shovel
minecraft:stone_pickaxe, Stone Pickaxe
minecraft:stone_axe, Stone Axe
minecraft:diamond_sword, Diamond Sword
minecraft:diamond_shovel, Diamond Shovel
minecraft:diamond_pickaxe, Diamond Pickaxe
minecraft:diamond_axe, Diamond Axe
minecraft:stick, Stick
minecraft:bowl, Bowl
minecraft:mushroom_stew, Mushroom Stew
minecraft:golden_sword, Golden Sword
minecraft:golden_shovel, Golden Shovel
minecraft:golden_pickaxe, Golden Pickaxe
minecraft:golden_axe, Golden Axe
minecraft:string, String
minecraft:feather, Feather
minecraft:gunpowder, Gunpowder
minecraft:wooden_hoe, Wooden Hoe
minecraft:stone_hoe, Stone Hoe
minecraft:iron_hoe, Iron Hoe
minecraft:diamond_hoe, Diamond Hoe
minecraft:golden_hoe, Golden Hoe
minecraft:wheat_seeds, Seeds
minecraft:wheat, Wheat
minecraft:bread, Bread
minecraft:leather_helmet, Leather Cap
minecraft:leather_chestplate, Leather Tunic
minecraft:leather_leggings, Leather Pants
minecraft:leather_boots, Leather Boots
minecraft:chainmail_helmet, Chain Helmet
minecraft:chainmail_chestplate, Chain Chestplate
minecraft:chainmail_leggings, Chain Leggings
minecraft:chainmail_boots, Chain Boots
minecraft:iron_helmet, Iron Helmet
minecraft:iron_chestplate, Iron Chestplate
minecraft:iron_leggings, Iron Leggings
minecraft:iron_boots, Iron Boots
minecraft:diamond_helmet, Diamond Helmet
minecraft:diamond_chestplate, Diamond Chestplate
minecraft:diamond_leggings, Diamond Leggings
minecraft:diamond_boots, Diamond Boots
minecraft:golden_helmet, Golden Helmet
minecraft:golden_chestplate, Golden Chestplate
minecraft:golden_leggings, Golden Leggings
minecraft:golden_boots, Golden Boots
minecraft:flint, Flint
minecraft:porkchop, Raw Porkchop
minecraft:cooked_porkchop, Cooked Porkchop
minecraft:painting, Painting
minecraft:golden_apple:0, Golden Apple
minecraft:golden_apple:1, Golden Apple
minecraft:sign, Sign
minecraft:wooden_door, Oak Door
minecraft:bucket, Bucket
minecraft:water_bucket, Water Bucket
minecraft:lava_bucket, Lava Bucket
minecraft:minecart, Minecart
minecraft:saddle, Saddle
minecraft:iron_door, Iron Door
minecraft:redstone, Redstone
minecraft:snowball, Snowball
minecraft:boat, Oak Boat
minecraft:leather, Leather
minecraft:milk_bucket, Milk
minecraft:brick, Brick
minecraft:clay_ball, Clay
minecraft:reeds, Sugar Canes
minecraft:paper, Paper
minecraft:book, Book
minecraft:slime_ball, Slimeball
minecraft:chest_minecart, Minecart with Chest
minecraft:furnace_minecart, Minecart with Furnace
minecraft:egg, Egg
minecraft:compass, Compass
minecraft:fishing_rod, Fishing Rod
minecraft:clock, Clock
minecraft:glowstone_dust, Glowstone Dust
minecraft:fish:0, Raw Fish
minecraft:fish:1, Raw Salmon
minecraft:fish:2, Clownfish
minecraft:fish:3, Pufferfish
minecraft:cooked_fish:0, Cooked Fish
minecraft:cooked_fish:1, Cooked Salmon
minecraft:dye:0, Ink Sac
minecraft:dye:1, Rose Red
minecraft:dye:2, Cactus Green
minecraft:dye:3, Cocoa Beans
minecraft:dye:4, Lapis Lazuli
minecraft:dye:5, Purple Dye
minecraft:dye:6, Cyan Dye
minecraft:dye:7, Light Gray Dye
minecraft:dye:8, Gray Dye
minecraft:dye:9, Pink Dye
minecraft:dye:10, Lime Dye
minecraft:dye:11, Dandelion Yellow
minecraft:dye:12, Light Blue Dye
minecraft:dye:13, Magenta Dye
minecraft:dye:14, Orange Dye
minecraft:dye:15, Bone Meal
minecraft:bone, Bone
minecraft:sugar, Sugar
minecraft:cake, Cake
minecraft:bed:0, White Bed
minecraft:bed:1, Orange Bed
minecraft:bed:2, Magenta Bed
minecraft:bed:3, Light Blue Bed
minecraft:bed:4, Yellow Bed
minecraft:bed:5, Lime Bed
minecraft:bed:6, Pink Bed
minecraft:bed:7, Gray Bed
minecraft:bed:8, Light Gray Bed
minecraft:bed:9, Cyan Bed
minecraft:bed:10, Purple Bed
minecraft:bed:11, Blue Bed
minecraft:bed:12, Brown Bed
minecraft:bed:13, Green Bed
minecraft:bed:14, Red Bed
minecraft:bed:15, Black Bed
minecraft:repeater, Redstone Repeater
minecraft:cookie, Cookie
minecraft:filled_map:0, Map
minecraft:shears, Shears
minecraft:melon, Melon
minecraft:pumpkin_seeds, Pumpkin Seeds
minecraft:melon_seeds, Melon Seeds
minecraft:beef, Raw Beef
minecraft:cooked_beef, Steak
minecraft:chicken, Raw Chicken
minecraft:cooked_chicken, Cooked Chicken
minecraft:rotten_flesh, Rotten Flesh
minecraft:ender_pearl, Ender Pearl
minecraft:blaze_rod, Blaze Rod
minecraft:ghast_tear, Ghast Tear
minecraft:gold_nugget, Gold Nugget
minecraft:nether_wart, Nether Wart
minecraft:potion, Potion
minecraft:glass_bottle, Glass Bottle
minecraft:spider_eye, Spider Eye
minecraft:fermented_spider_eye, Fermented Spider Eye
minecraft:blaze_powder, Blaze Powder
minecraft:magma_cream, Magma Cream
minecraft:brewing_stand, Brewing Stand
minecraft:cauldron, Cauldron
minecraft:ender_eye, Eye of Ender
minecraft:speckled_melon, Glistering Melon
minecraft:spawn_egg, Spawn
minecraft:experience_bottle, Bottle o' Enchanting
minecraft:fire_charge, Fire Charge
minecraft:writable_book, Book and Quill
minecraft:written_book, Written Book
minecraft:emerald, Emerald
minecraft:item_frame, Item Frame
minecraft:flower_pot, Flower Pot
minecraft:carrot, Carrot
minecraft:potato, Potato
minecraft:baked_potato, Baked Potato
minecraft:poisonous_potato, Poisonous Potato
minecraft:map, Empty Map
minecraft:golden_carrot, Golden Carrot
minecraft:skull:0, Skeleton Skull
minecraft:skull:1, Wither Skeleton Skull
minecraft:skull:2, Zombie Head
minecraft:skull:3, Head
minecraft:skull:4, Creeper Head
minecraft:skull:5, Dragon Head
minecraft:carrot_on_a_stick, Carrot on a Stick
minecraft:nether_star, Nether Star
minecraft:pumpkin_pie, Pumpkin Pie
minecraft:fireworks, Firework Rocket
minecraft:firework_charge, Firework Star
minecraft:enchanted_book, Enchanted Book
minecraft:comparator, Redstone Comparator
minecraft:netherbrick, Nether Brick
minecraft:quartz, Nether Quartz
minecraft:tnt_minecart, Minecart with TNT
minecraft:hopper_minecart, Minecart with Hopper
minecraft:prismarine_shard, Prismarine Shard
minecraft:prismarine_crystals, Prismarine Crystals
minecraft:rabbit, Raw Rabbit
minecraft:cooked_rabbit, Cooked Rabbit
minecraft:rabbit_stew, Rabbit Stew
minecraft:rabbit_foot, Rabbit's Foot
minecraft:rabbit_hide, Rabbit Hide
minecraft:armor_stand, Armor Stand
minecraft:iron_horse_armor, Iron Horse Armor
minecraft:golden_horse_armor, Gold Horse Armor
minecraft:diamond_horse_armor, Diamond Horse Armor
minecraft:lead, Lead
minecraft:name_tag, Name Tag
minecraft:command_block_minecart, Minecart with Command Block
minecraft:mutton, Raw Mutton
minecraft:cooked_mutton, Cooked Mutton
minecraft:banner:15, White Banner
minecraft:banner:14, Orange Banner
minecraft:banner:13, Magenta Banner
minecraft:banner:12, Light Blue Banner
minecraft:banner:11, Yellow Banner
minecraft:banner:10, Lime Banner
minecraft:banner:9, Pink Banner
minecraft:banner:8, Gray Banner
minecraft:banner:7, Light Gray Banner
minecraft:banner:6, Cyan Banner
minecraft:banner:5, Purple Banner
minecraft:banner:4, Blue Banner
minecraft:banner:3, Brown Banner
minecraft:banner:2, Green Banner
minecraft:banner:1, Red Banner
minecraft:banner:0, Black Banner
minecraft:end_crystal, End Crystal
minecraft:spruce_door, Spruce Door
minecraft:birch_door, Birch Door
minecraft:jungle_door, Jungle Door
minecraft:acacia_door, Acacia Door
minecraft:dark_oak_door, Dark Oak Door
minecraft:chorus_fruit, Chorus Fruit
minecraft:chorus_fruit_popped, Popped Chorus Fruit
minecraft:beetroot, Beetroot
minecraft:beetroot_seeds, Beetroot Seeds
minecraft:beetroot_soup, Beetroot Soup
minecraft:dragon_breath, Dragon's Breath
minecraft:splash_potion, Splash Potion
minecraft:spectral_arrow, Spectral Arrow
minecraft:tipped_arrow, Tipped Arrow
minecraft:lingering_potion, Lingering Potion
minecraft:shield, Shield
minecraft:elytra, Elytra
minecraft:spruce_boat, Spruce Boat
minecraft:birch_boat, Birch Boat
minecraft:jungle_boat, Jungle Boat
minecraft:acacia_boat, Acacia Boat
minecraft:dark_oak_boat, Dark Oak Boat
minecraft:totem_of_undying, Totem of Undying
minecraft:shulker_shell, Shulker Shell
minecraft:iron_nugget, Iron Nugget
minecraft:knowledge_book, Knowledge Book
minecraft:record_13, Music Disc
minecraft:record_cat, Music Disc
minecraft:record_blocks, Music Disc
minecraft:record_chirp, Music Disc
minecraft:record_far, Music Disc
minecraft:record_mall, Music Disc
minecraft:record_mellohi, Music Disc
minecraft:record_stal, Music Disc
minecraft:record_strad, Music Disc
minecraft:record_ward, Music Disc
minecraft:record_11, Music Disc
minecraft:record_wait, Music Disc
biomesoplenty:grass:0, Spectral Moss
biomesoplenty:grass:1, Overgrown Stone
biomesoplenty:grass:2, Loamy Grass Block
biomesoplenty:grass:3, Sandy Grass Block
biomesoplenty:grass:4, Silty Grass Block
biomesoplenty:grass:5, Origin Grass Block
biomesoplenty:grass:6, Overgrown Netherrack
biomesoplenty:grass:7, Flowering Grass Block
biomesoplenty:grass:8, Mycelial Netherrack
biomesoplenty:dirt:8, Coarse Loamy Dirt
biomesoplenty:dirt:0, Loamy Dirt
biomesoplenty:dirt:9, Coarse Sandy Dirt
biomesoplenty:dirt:1, Sandy Dirt
biomesoplenty:dirt:10, Coarse Silty Dirt
biomesoplenty:dirt:2, Silty Dirt
biomesoplenty:grass_path:0, Loamy Grass Path
biomesoplenty:grass_path:1, Sandy Grass Path
biomesoplenty:grass_path:2, Silty Grass Path
biomesoplenty:farmland_0:0, Loamy Farmland
biomesoplenty:farmland_0:1, Sandy Farmland
biomesoplenty:farmland_1:0, Silty Farmland
biomesoplenty:white_sand:0, White Sand
biomesoplenty:white_sandstone:0, White Sandstone
biomesoplenty:white_sandstone:1, Chiseled White Sandstone
biomesoplenty:white_sandstone:2, Smooth White Sandstone
biomesoplenty:white_sandstone_stairs:0, White Sandstone Stairs
biomesoplenty:dried_sand:0, Dried Sand
biomesoplenty:hard_ice:0, Hardened Ice
biomesoplenty:ash_block:0, Ash Block
biomesoplenty:mud:0, Mud
biomesoplenty:flesh:0, Flesh
biomesoplenty:crystal:0, Celestial Crystal
biomesoplenty:biome_block:0, Biome Essence Ore
biomesoplenty:gem_ore:0, Ender Amethyst Ore
biomesoplenty:gem_ore:1, Ruby Ore
biomesoplenty:gem_ore:2, Peridot Ore
biomesoplenty:gem_ore:3, Topaz Ore
biomesoplenty:gem_ore:4, Tanzanite Ore
biomesoplenty:gem_ore:5, Malachite Ore
biomesoplenty:gem_ore:6, Sapphire Ore
biomesoplenty:gem_ore:7, Amber Ore
biomesoplenty:gem_block:0, Block of Amethyst
biomesoplenty:gem_block:1, Block of Ruby
biomesoplenty:gem_block:2, Block of Peridot
biomesoplenty:gem_block:3, Block of Topaz
biomesoplenty:gem_block:4, Block of Tanzanite
biomesoplenty:gem_block:5, Block of Malachite
biomesoplenty:gem_block:6, Block of Sapphire
biomesoplenty:gem_block:7, Block of Amber
biomesoplenty:hive:0, Hive Block
biomesoplenty:hive:1, Honeycomb Block
biomesoplenty:hive:2, Empty Honeycomb Block
biomesoplenty:hive:3, Filled Honeycomb Block
biomesoplenty:honey_block:0, Honey Block
biomesoplenty:blue_fire:0, Blue Fire
biomesoplenty:bamboo_thatching:0, Bamboo Thatching
biomesoplenty:mud_brick_block:0, Mud Bricks
biomesoplenty:mud_brick_stairs:0, Mud Bricks Stairs
biomesoplenty:other_slab:0, Mud Bricks Slab
biomesoplenty:other_slab:1, White Sandstone Slab
biomesoplenty:log_0:4, Sacred Oak Wood
biomesoplenty:log_0:5, Cherry Wood
biomesoplenty:log_0:6, Umbran Wood
biomesoplenty:log_0:7, Fir Wood
biomesoplenty:log_1:4, Ethereal Wood
biomesoplenty:log_1:5, Magic Wood
biomesoplenty:log_1:6, Mangrove Wood
biomesoplenty:log_1:7, Palm Wood
biomesoplenty:log_2:4, Redwood Wood
biomesoplenty:log_2:5, Willow Wood
biomesoplenty:log_2:6, Pine Wood
biomesoplenty:log_2:7, Hellbark Wood
biomesoplenty:log_3:4, Jacaranda Wood
biomesoplenty:log_3:5, Mahogany Wood
biomesoplenty:log_3:6, Ebony Wood
biomesoplenty:log_3:7, Eucalyptus Wood
biomesoplenty:log_4:4, Giant Flower Stem
biomesoplenty:log_4:5, Dead Wood
biomesoplenty:leaves_0:8, Yellow Autumn Leaves
biomesoplenty:leaves_0:9, Orange Autumn Leaves
biomesoplenty:leaves_0:10, Bamboo Leaves
biomesoplenty:leaves_0:11, Magic Leaves
biomesoplenty:leaves_1:8, Umbran Leaves
biomesoplenty:leaves_1:9, Dead Leaves
biomesoplenty:leaves_1:10, Fir Leaves
biomesoplenty:leaves_1:11, Ethereal Leaves
biomesoplenty:leaves_2:8, Origin Leaves
biomesoplenty:leaves_2:9, Pink Cherry Leaves
biomesoplenty:leaves_2:10, White Cherry Leaves
biomesoplenty:leaves_2:11, Maple Leaves
biomesoplenty:leaves_3:8, Hellbark Leaves
biomesoplenty:leaves_3:9, Flowering Oak Leaves
biomesoplenty:leaves_3:10, Jacaranda Leaves
biomesoplenty:leaves_3:11, Sacred Oak Leaves
biomesoplenty:leaves_4:8, Mangrove Leaves
biomesoplenty:leaves_4:9, Palm Leaves
biomesoplenty:leaves_4:10, Redwood Leaves
biomesoplenty:leaves_4:11, Willow Leaves
biomesoplenty:leaves_5:8, Pine Leaves
biomesoplenty:leaves_5:9, Mahogany Leaves
biomesoplenty:leaves_5:10, Ebony Leaves
biomesoplenty:leaves_5:11, Eucalyptus Leaves
biomesoplenty:leaves_6:8, Giant Red Flower Petal
biomesoplenty:leaves_6:9, Giant Yellow Flower Petal
biomesoplenty:planks_0:0, Sacred Oak Wood Planks
biomesoplenty:planks_0:1, Cherry Wood Planks
biomesoplenty:planks_0:2, Umbran Wood Planks
biomesoplenty:planks_0:3, Fir Wood Planks
biomesoplenty:planks_0:4, Ethereal Wood Planks
biomesoplenty:planks_0:5, Magic Wood Planks
biomesoplenty:planks_0:6, Mangrove Wood Planks
biomesoplenty:planks_0:7, Palm Wood Planks
biomesoplenty:planks_0:8, Redwood Wood Planks
biomesoplenty:planks_0:9, Willow Wood Planks
biomesoplenty:planks_0:10, Pine Wood Planks
biomesoplenty:planks_0:11, Hellbark Wood Planks
biomesoplenty:planks_0:12, Jacaranda Wood Planks
biomesoplenty:planks_0:13, Mahogany Wood Planks
biomesoplenty:planks_0:14, Ebony Wood Planks
biomesoplenty:planks_0:15, Eucalyptus Wood Planks
biomesoplenty:sacred_oak_stairs:0, Sacred Oak Wood Stairs
biomesoplenty:cherry_stairs:0, Cherry Wood Stairs
biomesoplenty:umbran_stairs:0, Umbran Wood Stairs
biomesoplenty:fir_stairs:0, Fir Wood Stairs
biomesoplenty:ethereal_stairs:0, Ethereal Wood Stairs
biomesoplenty:magic_stairs:0, Magic Wood Stairs
biomesoplenty:mangrove_stairs:0, Mangrove Wood Stairs
biomesoplenty:palm_stairs:0, Palm Wood Stairs
biomesoplenty:redwood_stairs:0, Redwood Wood Stairs
biomesoplenty:willow_stairs:0, Willow Wood Stairs
biomesoplenty:pine_stairs:0, Pine Wood Stairs
biomesoplenty:hellbark_stairs:0, Hellbark Wood Stairs
biomesoplenty:jacaranda_stairs:0, Jacaranda Wood Stairs
biomesoplenty:mahogany_stairs:0, Mahogany Wood Stairs
biomesoplenty:ebony_stairs:0, Ebony Wood Stairs
biomesoplenty:eucalyptus_stairs:0, Eucalyptus Wood Stairs
biomesoplenty:wood_slab_0:0, Sacred Oak Wood Slab
biomesoplenty:wood_slab_0:1, Cherry Wood Slab
biomesoplenty:wood_slab_0:2, Umbran Wood Slab
biomesoplenty:wood_slab_0:3, Fir Wood Slab
biomesoplenty:wood_slab_0:4, Ethereal Wood Slab
biomesoplenty:wood_slab_0:5, Magic Wood Slab
biomesoplenty:wood_slab_0:6, Mangrove Wood Slab
biomesoplenty:wood_slab_0:7, Palm Wood Slab
biomesoplenty:wood_slab_1:0, Redwood Wood Slab
biomesoplenty:wood_slab_1:1, Willow Wood Slab
biomesoplenty:wood_slab_1:2, Pine Wood Slab
biomesoplenty:wood_slab_1:3, Hellbark Wood Slab
biomesoplenty:wood_slab_1:4, Jacaranda Wood Slab
biomesoplenty:wood_slab_1:5, Mahogany Wood Slab
biomesoplenty:wood_slab_1:6, Ebony Wood Slab
biomesoplenty:wood_slab_1:7, Eucalyptus Wood Slab
biomesoplenty:sacred_oak_fence:0, Sacred Oak Fence
biomesoplenty:cherry_fence:0, Cherry Fence
biomesoplenty:umbran_fence:0, Umbran Fence
biomesoplenty:fir_fence:0, Fir Fence
biomesoplenty:ethereal_fence:0, Ethereal Fence
biomesoplenty:magic_fence:0, Magic Fence
biomesoplenty:mangrove_fence:0, Mangrove Fence
biomesoplenty:palm_fence:0, Palm Fence
biomesoplenty:redwood_fence:0, Redwood Fence
biomesoplenty:willow_fence:0, Willow Fence
biomesoplenty:pine_fence:0, Pine Fence
biomesoplenty:hellbark_fence:0, Hellbark Fence
biomesoplenty:jacaranda_fence:0, Jacaranda Fence
biomesoplenty:mahogany_fence:0, Mahogany Fence
biomesoplenty:ebony_fence:0, Ebony Fence
biomesoplenty:eucalyptus_fence:0, Eucalyptus Fence
biomesoplenty:sacred_oak_fence_gate:0, Sacred Oak Fence Gate
biomesoplenty:cherry_fence_gate:0, Cherry Fence Gate
biomesoplenty:umbran_fence_gate:0, Umbran Fence Gate
biomesoplenty:fir_fence_gate:0, Fir Fence Gate
biomesoplenty:ethereal_fence_gate:0, Ethereal Fence Gate
biomesoplenty:magic_fence_gate:0, Magic Fence Gate
biomesoplenty:mangrove_fence_gate:0, Mangrove Fence Gate
biomesoplenty:palm_fence_gate:0, Palm Fence Gate
biomesoplenty:redwood_fence_gate:0, Redwood Fence Gate
biomesoplenty:willow_fence_gate:0, Willow Fence Gate
biomesoplenty:pine_fence_gate:0, Pine Fence Gate
biomesoplenty:hellbark_fence_gate:0, Hellbark Fence Gate
biomesoplenty:jacaranda_fence_gate:0, Jacaranda Fence Gate
biomesoplenty:mahogany_fence_gate:0, Mahogany Fence Gate
biomesoplenty:ebony_fence_gate:0, Ebony Fence Gate
biomesoplenty:eucalyptus_fence_gate:0, Eucalyptus Fence Gate
biomesoplenty:sacred_oak_door, Sacred Oak Door
biomesoplenty:cherry_door, Cherry Door
biomesoplenty:umbran_door, Umbran Door
biomesoplenty:fir_door, Fir Door
biomesoplenty:ethereal_door, Ethereal Door
biomesoplenty:magic_door, Magic Door
biomesoplenty:mangrove_door, Mangrove Door
biomesoplenty:palm_door, Palm Door
biomesoplenty:redwood_door, Redwood Door
biomesoplenty:willow_door, Willow Door
biomesoplenty:pine_door, Pine Door
biomesoplenty:hellbark_door, Hellbark Door
biomesoplenty:jacaranda_door, Jacaranda Door
biomesoplenty:mahogany_door, Mahogany Door
biomesoplenty:ebony_door, Ebony Door
biomesoplenty:eucalyptus_door, Eucalyptus Door
biomesoplenty:coral:0, Pink Coral
biomesoplenty:coral:1, Orange Coral
biomesoplenty:coral:2, Blue Coral
biomesoplenty:coral:3, Glowing Coral
biomesoplenty:coral:4, Algae
biomesoplenty:seaweed:0, Kelp
biomesoplenty:waterlily:0, Medium Lily Pad
biomesoplenty:waterlily:1, Small Lily Pad
biomesoplenty:waterlily:2, Tiny Lily Pad
biomesoplenty:waterlily:3, Flowered Lily
biomesoplenty:bamboo:0, Bamboo
biomesoplenty:sapling_0:0, Yellow Autumn Sapling
biomesoplenty:sapling_0:1, Orange Autumn Sapling
biomesoplenty:sapling_0:2, Bamboo Sapling
biomesoplenty:sapling_0:3, Magic Sapling
biomesoplenty:sapling_0:4, Umbran Sapling
biomesoplenty:sapling_0:5, Dead Sapling
biomesoplenty:sapling_0:6, Fir Sapling
biomesoplenty:sapling_0:7, Ethereal Sapling
biomesoplenty:sapling_1:0, Origin Sapling
biomesoplenty:sapling_1:1, Pink Cherry Sapling
biomesoplenty:sapling_1:2, White Cherry Sapling
biomesoplenty:sapling_1:3, Maple Sapling
biomesoplenty:sapling_1:4, Hellbark Sapling
biomesoplenty:sapling_1:5, Flowering Oak Sapling
biomesoplenty:sapling_1:6, Jacaranda Sapling
biomesoplenty:sapling_1:7, Sacred Oak Sapling
biomesoplenty:sapling_2:0, Mangrove Sapling
biomesoplenty:sapling_2:1, Palm Sapling
biomesoplenty:sapling_2:2, Redwood Sapling
biomesoplenty:sapling_2:3, Willow Sapling
biomesoplenty:sapling_2:4, Pine Sapling
biomesoplenty:sapling_2:5, Mahogany Sapling
biomesoplenty:sapling_2:6, Ebony Sapling
biomesoplenty:sapling_2:7, Eucalyptus Sapling
biomesoplenty:plant_0:0, Short Grass
biomesoplenty:plant_0:1, Medium Grass
biomesoplenty:plant_0:2, Bush
biomesoplenty:plant_0:3, Sprout
biomesoplenty:plant_0:4, Poison Ivy
biomesoplenty:plant_0:5, Berry Bush
biomesoplenty:plant_0:6, Shrub
biomesoplenty:plant_0:7, Wheat Grass
biomesoplenty:plant_0:8, Damp Grass
biomesoplenty:plant_0:9, Koru
biomesoplenty:plant_0:10, Clover Patch
biomesoplenty:plant_0:11, Leaf Pile
biomesoplenty:plant_0:12, Dead Leaf Pile
biomesoplenty:plant_0:13, Dead Grass
biomesoplenty:plant_0:14, Desert Grass
biomesoplenty:plant_0:15, Desert Sprouts
biomesoplenty:plant_1:0, Dune Grass
biomesoplenty:plant_1:1, Spectral Fern
biomesoplenty:plant_1:2, Thorns
biomesoplenty:plant_1:3, Wild Rice
biomesoplenty:plant_1:4, Cattail
biomesoplenty:plant_1:5, River Cane
biomesoplenty:plant_1:6, Tiny Cactus
biomesoplenty:plant_1:7, Devilweed
biomesoplenty:plant_1:8, Reed
biomesoplenty:plant_1:9, Root
biomesoplenty:plant_1:10, Rafflesia
biomesoplenty:plant_1:11, Barley
biomesoplenty:double_plant:0, Flax
biomesoplenty:double_plant:1, Tall Cattail
biomesoplenty:double_plant:2, Eyebulb
biomesoplenty:double_plant:3, Sea Oats
biomesoplenty:mushroom:0, Toadstool
biomesoplenty:mushroom:1, Portobello
biomesoplenty:mushroom:2, Blue Milk Cap
biomesoplenty:mushroom:3, Glowshroom
biomesoplenty:mushroom:4, Flat Mushroom
biomesoplenty:mushroom:5, Shadow Shroom
biomesoplenty:bramble_plant:0, Bramble
biomesoplenty:flower_0:0, Clover
biomesoplenty:flower_0:1, Swampflower
biomesoplenty:flower_0:2, Deathbloom
biomesoplenty:flower_0:3, Glowflower
biomesoplenty:flower_0:4, Blue Hydrangea
biomesoplenty:flower_0:5, Orange Cosmos
biomesoplenty:flower_0:6, Pink Dafodil
biomesoplenty:flower_0:7, Wildflower
biomesoplenty:flower_0:8, Violet
biomesoplenty:flower_0:9, White Anemone
biomesoplenty:flower_0:10, Enderlotus
biomesoplenty:flower_0:11, Bromeliad
biomesoplenty:flower_0:12, Wilted Lily
biomesoplenty:flower_0:13, Pink Hibiscus
biomesoplenty:flower_0:14, Lily of the Valley
biomesoplenty:flower_0:15, Burning Blossom
biomesoplenty:flower_1:0, Lavender
biomesoplenty:flower_1:1, Goldenrod
biomesoplenty:flower_1:2, Bluebells
biomesoplenty:flower_1:3, Miner's Delight
biomesoplenty:flower_1:4, Icy Iris
biomesoplenty:flower_1:5, Rose
biomesoplenty:ivy:0, Ivy
biomesoplenty:willow_vine:0, Willow Vine
biomesoplenty:terrarium:0, Fern Terrarium
biomesoplenty:terrarium:1, Mushroom Terrarium
biomesoplenty:terrarium:2, Cactus Terrarium
biomesoplenty:terrarium:3, Flax Terrarium
biomesoplenty:terrarium:4, Flower Terrarium
biomesoplenty:terrarium:5, Koru Terrarium
biomesoplenty:terrarium:6, Bamboo Terrarium
biomesoplenty:terrarium:7, Beach Terrarium
biomesoplenty:terrarium:8, Glowshroom Terrarium
biomesoplenty:terrarium:9, Dead Terrarium
biomesoplenty:terrarium:10, Mystic Terrarium
biomesoplenty:terrarium:11, Ominous Terrarium
biomesoplenty:terrarium:12, Wasteland Terrarium
biomesoplenty:terrarium:13, Origin Terrarium
biomesoplenty:terrarium:14, Nether Terrarium
biomesoplenty:terrarium:15, Ender Terrarium
biomesoplenty:jar_filled:0, Honey Jar
biomesoplenty:jar_filled:1, Blue Fire Jar
biomesoplenty:jar_empty, Empty Jar
biomesoplenty:boat_sacred_oak, Sacred Oak Boat
biomesoplenty:boat_cherry, Cherry Boat
biomesoplenty:boat_umbran, Umbran Boat
biomesoplenty:boat_fir, Fir Boat
biomesoplenty:boat_ethereal, Ethereal Boat
biomesoplenty:boat_magic, Magic Boat
biomesoplenty:boat_mangrove, Mangrove Boat
biomesoplenty:boat_palm, Palm Boat
biomesoplenty:boat_redwood, Redwood Boat
biomesoplenty:boat_willow, Willow Boat
biomesoplenty:boat_pine, Pine Boat
biomesoplenty:boat_hellbark, Hellbark Boat
biomesoplenty:boat_jacaranda, Jacaranda Boat
biomesoplenty:boat_mahogany, Mahogany Boat
biomesoplenty:boat_ebony, Ebony Boat
biomesoplenty:boat_eucalyptus, Eucalyptus Boat
biomesoplenty:biome_finder, Biome Finder
biomesoplenty:record_wanderer, Music Disc
biomesoplenty:mudball, Mud Ball
biomesoplenty:mud_brick, Mud Brick
biomesoplenty:ash, Pile of Ashes
biomesoplenty:fleshchunk, Chunk of Flesh
biomesoplenty:gem:0, Ender Amethyst
biomesoplenty:gem:1, Ruby
biomesoplenty:gem:2, Peridot
biomesoplenty:gem:3, Topaz
biomesoplenty:gem:4, Tanzanite
biomesoplenty:gem:5, Malachite
biomesoplenty:gem:6, Sapphire
biomesoplenty:gem:7, Amber
biomesoplenty:terrestrial_artifact, Terrestrial Artifact
biomesoplenty:crystal_shard, Celestial Crystal Shard
biomesoplenty:biome_essence, Biome Essence
biomesoplenty:berries, Berry
biomesoplenty:pear, Pear
biomesoplenty:peach, Peach
biomesoplenty:persimmon, Persimmon
biomesoplenty:honeycomb, Empty Honeycomb
biomesoplenty:filled_honeycomb, Filled Honeycomb
biomesoplenty:shroompowder, Shroom Powder
biomesoplenty:ricebowl, Bowl of Rice
biomesoplenty:blue_dye, Blue Dye
biomesoplenty:brown_dye, Brown Dye
biomesoplenty:green_dye, Green Dye
biomesoplenty:white_dye, White Dye
biomesoplenty:black_dye, Black Dye
biomesoplenty:earth, Earth
ic2:te:1, Industrial TNT
ic2:te:2, Nuke
ic2:te:3, Generator
ic2:te:4, Geothermal Generator
ic2:te:5, Kinetic Generator
ic2:te:6, Radioisotope Thermoelectric Generator
ic2:te:7, Semifluid Generator
ic2:te:8, Solar Panel
ic2:te:9, Stirling Generator
ic2:te:10, Water Mill
ic2:te:11, Wind Mill
ic2:te:12, Electric Heater
ic2:te:13, Liquid Fuel Firebox
ic2:te:14, Radioisotope Heat Generator
ic2:te:15, Solid Fuel Firebox
ic2:te:16, Electric Motor
ic2:te:17, Manual Kinetic Generator
ic2:te:18, Steam Turbine
ic2:te:19, Stirling Kinetic Generator
ic2:te:20, Water Turbine
ic2:te:21, Wind Turbine
ic2:te:22, Nuclear Reactor
ic2:te:23, Reactor Access Hatch
ic2:te:24, Reactor Chamber
ic2:te:25, Reactor Fluid Port
ic2:te:26, Reactor Redstone Port
ic2:te:27, Condenser
ic2:te:28, Bottling Plant
ic2:te:29, Fluid Distributor
ic2:te:30, Fluid Regulator
ic2:te:31, Liquid Heat Exchanger
ic2:te:32, Pump
ic2:te:33, Solar Distiller
ic2:te:34, Steam Boiler
ic2:te:35, Item Buffer
ic2:te:36, Luminator
ic2:te:37, Magnetizer
ic2:te:38, Electric Sorting Machine
ic2:te:39, Teleporter
ic2:te:40, Terraformer
ic2:te:41, Tesla Coil
ic2:te:42, Fluid/Solid Canning Machine
ic2:te:43, Compressor
ic2:te:44, Electric Furnace
ic2:te:45, Extractor
ic2:te:46, Iron Furnace
ic2:te:47, Macerator
ic2:te:48, Recycler
ic2:te:49, Solid Canning Machine
ic2:te:50, Blast Furnace
ic2:te:51, Block Cutting Machine
ic2:te:52, Thermal Centrifuge
ic2:te:53, Fermenter
ic2:te:54, Induction Furnace
ic2:te:55, Metal Former
ic2:te:56, Ore Washing Plant
ic2:te:57, Advanced Miner
ic2:te:58, Crop Harvester
ic2:te:59, Crop-Matron
ic2:te:60, Miner
ic2:te:92, Mass Fabricator
ic2:te:93, UU Assembly Bench
ic2:te:61, Matter Fabricator
ic2:te:62, Pattern Storage
ic2:te:63, Replicator
ic2:te:64, Scanner
ic2:te:65, Energy-O-Mat
ic2:te:66, Personal Safe
ic2:te:67, Trade-O-Mat
ic2:te:94, Trading Terminal
ic2:te:68, Charge Pad (BatBox)
ic2:te:69, Charge Pad (CESU)
ic2:te:70, Charge Pad (MFE)
ic2:te:71, Charge Pad (MFSU)
ic2:te:72, BatBox
ic2:te:73, CESU
ic2:te:74, MFE
ic2:te:75, MFSU
ic2:te:76, Electrolyzer
ic2:te:77, LV-Transformer
ic2:te:78, MV-Transformer
ic2:te:79, HV-Transformer
ic2:te:80, EV-Transformer
ic2:te:81, Tank
ic2:te:82, Chunk Loader
ic2:te:83, Compact Item Buffer
ic2:te:86, Creative Generator
ic2:te:87, Steam Re-Pressurizer
ic2:te:90, Weighted Fluid Distributor
ic2:te:91, Weighted Item Distributor
ic2:te:84, Reactor Coolant Injector (RSH)
ic2:te:85, Reactor Coolant Injector (LZH)
ic2:te:88, Industrial Workbench
ic2:te:89, Batch Crafter
ic2:te:100, Coke Kiln
ic2:te:101, Coke Kiln Hatch
ic2:te:102, Coke Kiln Grate
ic2:te:111, Wooden Storage Box
ic2:te:112, Iron Storage Box
ic2:te:113, Bronze Storage Box
ic2:te:114, Steel Storage Box
ic2:te:115, Iridium Storage Box
ic2:te:131, Bronze Tank
ic2:te:132, Iron Tank
ic2:te:133, Steel Tank
ic2:te:134, Iridium Tank
ic2:resource:0, Basalt
ic2:resource:1, Copper Ore
ic2:resource:2, Lead Ore
ic2:resource:3, Tin Ore
ic2:resource:4, Uranium Ore
ic2:resource:5, Bronze Block
ic2:resource:6, Copper Block
ic2:resource:7, Lead Block
ic2:resource:8, Steel Block
ic2:resource:9, Tin Block
ic2:resource:10, Uranium Block
ic2:resource:11, Reinforced Stone
ic2:resource:12, Basic Machine Casing
ic2:resource:13, Advanced Machine Casing
ic2:resource:14, Reactor Pressure Vessel
ic2:resource:15, Silver Block
ic2:leaves, ic2.leaves.name
ic2:rubber_wood, ic2.rubber_wood.name
ic2:sapling, ic2.sapling.rubber.name
ic2:scaffold:0, Scaffold
ic2:scaffold:1, Reinforced Scaffold
ic2:scaffold:2, Iron Scaffold
ic2:scaffold:3, Reinforced Iron Scaffold
ic2:fence:0, Iron Fence
ic2:sheet:0, Resin Sheet
ic2:sheet:1, Rubber Sheet
ic2:sheet:2, Wool Sheet
ic2:glass:0, Reinforced Glass
ic2:foam:0, Construction Foam
ic2:foam:1, Reinforced Construction Foam
ic2:wall:0, Construction Foam Wall (Black)
ic2:wall:1, Construction Foam Wall (Blue)
ic2:wall:2, Construction Foam Wall (Brown)
ic2:wall:3, Construction Foam Wall (Cyan)
ic2:wall:4, Construction Foam Wall (Gray)
ic2:wall:5, Construction Foam Wall (Green)
ic2:wall:6, Construction Foam Wall (Light Blue)
ic2:wall:7, Construction Foam Wall (Light Gray)
ic2:wall:8, Construction Foam Wall (Lime)
ic2:wall:9, Construction Foam Wall (Magenta)
ic2:wall:10, Construction Foam Wall (Orange)
ic2:wall:11, Construction Foam Wall (Pink)
ic2:wall:12, Construction Foam Wall (Purple)
ic2:wall:13, Construction Foam Wall (Red)
ic2:wall:14, Construction Foam Wall (White)
ic2:wall:15, Construction Foam Wall (Yellow)
ic2:mining_pipe:0, Mining Pipe
ic2:reinforced_door, ic2.reinforced_door.name
ic2:refractory_bricks, ic2.refractory_bricks.name
ic2:uu_matter, ic2.uu_matter.name
ic2:construction_foam, ic2.construction_foam.name
ic2:coolant, ic2.coolant.name
ic2:creosote, ic2.creosote.name
ic2:hot_coolant, ic2.hot_coolant.name
ic2:pahoehoe_lava, ic2.pahoehoe_lava.name
ic2:biomass, ic2.biomass.name
ic2:biogas, ic2.biogas.name
ic2:distilled_water, ic2.distilled_water.name
ic2:superheated_steam, ic2.superheated_steam.name
ic2:steam, ic2.steam.name
ic2:hot_water, ic2.hot_water.name
ic2:weed_ex, ic2.weed_ex.name
ic2:air, ic2.air.name
ic2:hydrogen, ic2.hydrogen.name
ic2:oxygen, ic2.oxygen.name
ic2:heavy_water, ic2.heavy_water.name
ic2:milk, ic2.milk.name
ic2:advanced_batpack, ic2.advanced_batpack.name
ic2:alloy_chestplate, ic2.alloy_chestplate.name
ic2:batpack, ic2.batpack.name
ic2:bronze_boots, ic2.bronze_boots.name
ic2:bronze_chestplate, ic2.bronze_chestplate.name
ic2:bronze_helmet, ic2.bronze_helmet.name
ic2:bronze_leggings, ic2.bronze_leggings.name
ic2:cf_pack, ic2.cf_pack.name
ic2:energy_pack, ic2.energy_pack.name
ic2:hazmat_chestplate, ic2.hazmat_chestplate.name
ic2:hazmat_helmet, ic2.hazmat_helmet.name
ic2:hazmat_leggings, ic2.hazmat_leggings.name
ic2:jetpack, ic2.jetpack.name
ic2:jetpack_electric, ic2.jetpack_electric.name
ic2:lappack, ic2.lappack.name
ic2:nano_boots, ic2.nano_boots.name
ic2:nano_chestplate, ic2.nano_chestplate.name
ic2:nano_helmet, ic2.nano_helmet.name
ic2:nano_leggings, ic2.nano_leggings.name
ic2:nightvision_goggles, ic2.nightvision_goggles.name
ic2:quantum_boots, ic2.quantum_boots.name
ic2:quantum_chestplate, ic2.quantum_chestplate.name
ic2:quantum_helmet, ic2.quantum_helmet.name
ic2:quantum_leggings, ic2.quantum_leggings.name
ic2:rubber_boots, ic2.rubber_boots.name
ic2:solar_helmet, ic2.solar_helmet.name
ic2:static_boots, ic2.static_boots.name
ic2:boat:0, Damaged Rubber Dinghy
ic2:boat:1, Rubber Dinghy
ic2:boat:2, Carbon Fiber Canoe
ic2:boat:3, Electric Boat
ic2:barrel, ic2.barrel.name
ic2:mug:0, Stone Mug
ic2:mug:1, Cold Coffee
ic2:mug:2, Dark Coffee
ic2:mug:3, Coffee
ic2:booze_mug, ic2.booze_mug.name
ic2:crushed:0, Crushed Copper Ore
ic2:crushed:1, Crushed Gold Ore
ic2:crushed:2, Crushed Iron Ore
ic2:crushed:3, Crushed Lead Ore
ic2:crushed:4, Crushed Silver Ore
ic2:crushed:5, Crushed Tin Ore
ic2:crushed:6, Crushed Uranium Ore
ic2:purified:0, Purified Crushed Copper Ore
ic2:purified:1, Purified Crushed Gold Ore
ic2:purified:2, Purified Crushed Iron Ore
ic2:purified:3, Purified Crushed Lead Ore
ic2:purified:4, Purified Crushed Silver Ore
ic2:purified:5, Purified Crushed Tin Ore
ic2:purified:6, Purified Crushed Uranium Ore
ic2:dust:0, Bronze Dust
ic2:dust:1, Clay Dust
ic2:dust:2, Coal Dust
ic2:dust:3, Hydrated Coal Dust
ic2:dust:4, Copper Dust
ic2:dust:5, Diamond Dust
ic2:dust:6, Energium Dust
ic2:dust:7, Gold Dust
ic2:dust:8, Iron Dust
ic2:dust:9, Lapis Lazuli Dust
ic2:dust:10, Lead Dust
ic2:dust:11, Lithium Dust
ic2:dust:12, Obsidian Dust
ic2:dust:13, Silicon Dioxide
ic2:dust:14, Silver Dust
ic2:dust:15, Stone Dust
ic2:dust:16, Sulfur Dust
ic2:dust:17, Tin Dust
ic2:dust:18, Tiny Pile of Bronze Dust
ic2:dust:19, Tiny Pile of Copper Dust
ic2:dust:20, Tiny Pile of Gold Dust
ic2:dust:21, Tiny Pile of Iron Dust
ic2:dust:22, Tiny Pile of Lapis Dust
ic2:dust:23, Tiny Pile of Lead Dust
ic2:dust:24, Tiny Pile of Lithium Dust
ic2:dust:25, Tiny Pile of Obsidian Dust
ic2:dust:26, Tiny Pile of Silver Dust
ic2:dust:27, Tiny Pile of Sulfur Dust
ic2:dust:28, Tiny Pile of Tin Dust
ic2:dust:29, Hydrated Tin Dust
ic2:dust:30, Netherrack Dust
ic2:dust:31, Ender Pearl Dust
ic2:dust:32, Ender Eye Dust
ic2:dust:33, Milk Powder
ic2:dust:34, Emerald Dust
ic2:dust:35, Tiny Pile of Emerald Dust
ic2:dust:36, Tiny Pile of Diamond Dust
ic2:ingot:0, Mixed Metal Ingot
ic2:ingot:1, Bronze Ingot
ic2:ingot:2, Copper Ingot
ic2:ingot:3, Lead Ingot
ic2:ingot:4, Silver Ingot
ic2:ingot:5, Steel Ingot
ic2:ingot:6, Tin Ingot
ic2:plate:0, Bronze Plate
ic2:plate:1, Copper Plate
ic2:plate:2, Gold Plate
ic2:plate:3, Iron Plate
ic2:plate:4, Lapis Lazuli Plate
ic2:plate:5, Lead Plate
ic2:plate:6, Obsidian Plate
ic2:plate:7, Steel Plate
ic2:plate:8, Tin Plate
ic2:plate:9, Dense Bronze Plate
ic2:plate:10, Dense Copper Plate
ic2:plate:11, Dense Gold Plate
ic2:plate:12, Dense Iron Plate
ic2:plate:13, Dense Lapis Lazuli Plate
ic2:plate:14, Dense Lead Plate
ic2:plate:15, Dense Obsidian Plate
ic2:plate:16, Dense Steel Plate
ic2:plate:17, Dense Tin Plate
ic2:casing:0, Bronze Item Casing
ic2:casing:1, Copper Item Casing
ic2:casing:2, Gold Item Casing
ic2:casing:3, Iron Item Casing
ic2:casing:4, Lead Item Casing
ic2:casing:5, Steel Item Casing
ic2:casing:6, Tin Item Casing
ic2:nuclear:0, Enriched Uranium Nuclear Fuel
ic2:nuclear:1, Uranium 235
ic2:nuclear:2, Uranium 238
ic2:nuclear:3, Plutonium
ic2:nuclear:4, MOX Nuclear Fuel
ic2:nuclear:5, Tiny Pile of Uranium 235
ic2:nuclear:6, Tiny Pile of Uranium 238
ic2:nuclear:7, Tiny Pile of Plutonium
ic2:nuclear:8, Pellets of Enriched Uranium Nuclear Fuel
ic2:nuclear:9, Pellets of MOX Nuclear Fuel
ic2:nuclear:10, Pellets of RTG Fuel
ic2:nuclear:11, Fuel Rod (Depleted Uranium)
ic2:nuclear:12, Dual Fuel Rod (Depleted Uranium)
ic2:nuclear:13, Quad Fuel Rod (Depleted Uranium)
ic2:nuclear:14, Fuel Rod (Depleted MOX)
ic2:nuclear:15, Dual Fuel Rod (Depleted MOX)
ic2:nuclear:16, Quad Fuel Rod (Depleted MOX)
ic2:misc_resource:0, Ashes
ic2:misc_resource:1, Iridium Ore
ic2:misc_resource:2, Iridium Shard
ic2:misc_resource:3, UU-Matter
ic2:misc_resource:4, Sticky Resin
ic2:misc_resource:5, Slag
ic2:misc_resource:6, Iodine
ic2:misc_resource:7, Water
ic2:misc_resource:8, Lava
ic2:crafting:0, Rubber
ic2:crafting:1, Electronic Circuit
ic2:crafting:2, Advanced Circuit
ic2:crafting:3, Advanced Alloy
ic2:crafting:4, Iridium Reinforced Plate
ic2:crafting:5, Coil
ic2:crafting:6, Electric Motor
ic2:crafting:7, Heat Conductor
ic2:crafting:8, Copper Boiler
ic2:crafting:9, Fuel Rod (Empty)
ic2:crafting:10, Tin Can
ic2:crafting:11, Small Power Unit
ic2:crafting:12, Power Unit
ic2:crafting:13, Raw Carbon Fibre
ic2:crafting:14, Raw Carbon Mesh
ic2:crafting:15, Carbon Plate
ic2:crafting:16, Coal Ball
ic2:crafting:17, Compressed Coal Ball
ic2:crafting:18, Coal Chunk
ic2:crafting:19, Industrial Diamond
ic2:crafting:20, Plantball
ic2:crafting:21, Bio Chaff
ic2:crafting:23, Scrap
ic2:crafting:24, Scrap Box
ic2:crafting:25, CF Powder
ic2:crafting:27, Crystal Memory (raw)
ic2:crafting:29, Shaft (Iron)
ic2:crafting:30, Shaft (Steel)
ic2:crafting:31, Wood Rotor Blade
ic2:crafting:32, Iron Rotor Blade
ic2:crafting:33, Steel Rotor Blade
ic2:crafting:34, Carbon Rotor Blade
ic2:crafting:35, Steam Turbine Blade
ic2:crafting:36, Steam Turbine
ic2:crafting:37, Jetpack Attachment Plate
ic2:crafting:38, Industrial Credit
ic2:crafting:41, Bronze Rotor Blade
ic2:crafting:42, Shaft (Bronze)
ic2:block_cutting_blade:0, Block Cutting Blade (Iron)
ic2:block_cutting_blade:1, Block Cutting Blade (Steel)
ic2:block_cutting_blade:2, Block Cutting Blade (Diamond)
ic2:upgrade_kit:0, MFSU Upgrade Kit
ic2:crop_stick, ic2.crop_stick.name
ic2:crop_res:0, Coffee Beans
ic2:crop_res:1, Coffee Powder
ic2:crop_res:2, Fertilizer
ic2:crop_res:3, Grin Powder
ic2:crop_res:4, Hops
ic2:crop_res:5, Weed
ic2:crop_res:6, Milk Wart
ic2:crop_res:7, Oil Berry
ic2:crop_res:8, Bobs-Yer-Uncle-Ranks Berry
ic2:terra_wart, ic2.terra_wart.name
ic2:cropnalyzer, ic2.cropnalyzer.name
ic2:re_battery, ic2.re_battery.name
ic2:advanced_re_battery, ic2.advanced_re_battery.name
ic2:energy_crystal, ic2.energy_crystal.name
ic2:lapotron_crystal, ic2.lapotron_crystal.name
ic2:single_use_battery, ic2.single_use_battery.name
ic2:charging_re_battery, ic2.charging_re_battery.name
ic2:advanced_charging_re_battery, ic2.advanced_charging_re_battery.name
ic2:charging_energy_crystal, ic2.charging_energy_crystal.name
ic2:charging_lapotron_crystal, ic2.charging_lapotron_crystal.name
ic2:heat_storage, ic2.heat_storage.name
ic2:tri_heat_storage, ic2.tri_heat_storage.name
ic2:hex_heat_storage, ic2.hex_heat_storage.name
ic2:plating, ic2.plating.name
ic2:heat_plating, ic2.heat_plating.name
ic2:containment_plating, ic2.containment_plating.name
ic2:heat_exchanger, ic2.heat_exchanger.name
ic2:reactor_heat_exchanger, ic2.reactor_heat_exchanger.name
ic2:component_heat_exchanger, ic2.component_heat_exchanger.name
ic2:advanced_heat_exchanger, ic2.advanced_heat_exchanger.name
ic2:heat_vent, ic2.heat_vent.name
ic2:reactor_heat_vent, ic2.reactor_heat_vent.name
ic2:overclocked_heat_vent, ic2.overclocked_heat_vent.name
ic2:component_heat_vent, ic2.component_heat_vent.name
ic2:advanced_heat_vent, ic2.advanced_heat_vent.name
ic2:neutron_reflector, ic2.neutron_reflector.name
ic2:thick_neutron_reflector, ic2.thick_neutron_reflector.name
ic2:iridium_reflector, ic2.iridium_reflector.name
ic2:rsh_condensator, ic2.rsh_condensator.name
ic2:lzh_condensator, ic2.lzh_condensator.name
ic2:heatpack, ic2.heatpack.name
ic2:uranium_fuel_rod, ic2.uranium_fuel_rod.name
ic2:dual_uranium_fuel_rod, ic2.dual_uranium_fuel_rod.name
ic2:quad_uranium_fuel_rod, ic2.quad_uranium_fuel_rod.name
ic2:mox_fuel_rod, ic2.mox_fuel_rod.name
ic2:dual_mox_fuel_rod, ic2.dual_mox_fuel_rod.name
ic2:quad_mox_fuel_rod, ic2.quad_mox_fuel_rod.name
ic2:lithium_fuel_rod, ic2.lithium_fuel_rod.name
ic2:depleted_isotope_fuel_rod, ic2.depleted_isotope_fuel_rod.name
ic2:tfbp:0, TFBP - Empty
ic2:tfbp:1, TFBP - Chilling
ic2:tfbp:2, TFBP - Cultivation
ic2:tfbp:3, TFBP - Desertification
ic2:tfbp:4, TFBP - Flatification
ic2:tfbp:5, TFBP - Irrigation
ic2:tfbp:6, TFBP - Mushroom
ic2:bronze_axe, ic2.bronze_axe.name
ic2:bronze_hoe, ic2.bronze_hoe.name
ic2:bronze_pickaxe, ic2.bronze_pickaxe.name
ic2:bronze_shovel, ic2.bronze_shovel.name
ic2:bronze_sword, ic2.bronze_sword.name
ic2:cutter, ic2.cutter.name
ic2:debug_item, ic2.debug_item.name
ic2:foam_sprayer:0, CF Sprayer
ic2:foam_sprayer:0, CF Sprayer
ic2:forge_hammer, ic2.forge_hammer.name
ic2:frequency_transmitter, ic2.frequency_transmitter.name
ic2:meter, ic2.meter.name
ic2:tool_box, ic2.tool_box.name
ic2:treetap, ic2.treetap.name
ic2:wrench, ic2.wrench.name
ic2:wrench_new, ic2.wrench_new.name
ic2:crowbar, ic2.crowbar.name
ic2:containment_box, ic2.containment_box.name
ic2:weeding_trowel, ic2.weeding_trowel.name
ic2:crop_seed_bag, ic2.crop_seed_bag.name
ic2:advanced_scanner, ic2.advanced_scanner.name
ic2:chainsaw, ic2.chainsaw.name
ic2:diamond_drill, ic2.diamond_drill.name
ic2:drill, ic2.drill.name
ic2:electric_hoe, ic2.electric_hoe.name
ic2:electric_treetap, ic2.electric_treetap.name
ic2:electric_wrench, ic2.electric_wrench.name
ic2:iridium_drill, ic2.iridium_drill.name
ic2:mining_laser, ic2.mining_laser.name
ic2:nano_saber, ic2.nano_saber.name
ic2:obscurator, ic2.obscurator.name
ic2:scanner, ic2.scanner.name
ic2:wind_meter, ic2.wind_meter.name
ic2:painter:0, Painter
ic2:painter:0, Black Painter
ic2:painter:0, Blue Painter
ic2:painter:0, Brown Painter
ic2:painter:0, Cyan Painter
ic2:painter:0, Dark Grey Painter
ic2:painter:0, Green Painter
ic2:painter:0, Light Blue Painter
ic2:painter:0, Light Grey Painter
ic2:painter:0, Lime Painter
ic2:painter:0, Magenta Painter
ic2:painter:0, Orange Painter
ic2:painter:0, Pink Painter
ic2:painter:0, Purple Painter
ic2:painter:0, Red Painter
ic2:painter:0, White Painter
ic2:painter:0, Yellow Painter
ic2:fluid_cell:0, Universal Fluid Cell
ic2:fluid_cell:0, Universal Fluid Cell
ic2:fluid_cell:0, Universal Fluid Cell
ic2:fluid_cell:0, Universal Fluid Cell
ic2:fluid_cell:0, Universal Fluid Cell
ic2:fluid_cell:0, Universal Fluid Cell
ic2:fluid_cell:0, Universal Fluid Cell
ic2:fluid_cell:0, Universal Fluid Cell
ic2:fluid_cell:0, Universal Fluid Cell
ic2:fluid_cell:0, Universal Fluid Cell
ic2:fluid_cell:0, Universal Fluid Cell
ic2:fluid_cell:0, Universal Fluid Cell
ic2:fluid_cell:0, Universal Fluid Cell
ic2:fluid_cell:0, Universal Fluid Cell
ic2:fluid_cell:0, Universal Fluid Cell
ic2:fluid_cell:0, Universal Fluid Cell
ic2:fluid_cell:0, Universal Fluid Cell
ic2:fluid_cell:0, Universal Fluid Cell
ic2:fluid_cell:0, Universal Fluid Cell
ic2:fluid_cell:0, Universal Fluid Cell
ic2:fluid_cell:0, Universal Fluid Cell
ic2:fluid_cell:0, Universal Fluid Cell
ic2:fluid_cell:0, Universal Fluid Cell
ic2:fluid_cell:0, Universal Fluid Cell
ic2:fluid_cell:0, Universal Fluid Cell
ic2:fluid_cell:0, Universal Fluid Cell
ic2:fluid_cell:0, Universal Fluid Cell
ic2:fluid_cell:0, Universal Fluid Cell
ic2:fluid_cell:0, Universal Fluid Cell
ic2:fluid_cell:0, Universal Fluid Cell
ic2:fluid_cell:0, Universal Fluid Cell
ic2:fluid_cell:0, Universal Fluid Cell
ic2:fluid_cell:0, Universal Fluid Cell
ic2:fluid_cell:0, Universal Fluid Cell
ic2:fluid_cell:0, Universal Fluid Cell
ic2:fluid_cell:0, Universal Fluid Cell
ic2:fluid_cell:0, Universal Fluid Cell
ic2:fluid_cell:0, Universal Fluid Cell
ic2:fluid_cell:0, Universal Fluid Cell
ic2:fluid_cell:0, Universal Fluid Cell
ic2:fluid_cell:0, Universal Fluid Cell
ic2:fluid_cell:0, Universal Fluid Cell
ic2:fluid_cell:0, Universal Fluid Cell
ic2:fluid_cell:0, Universal Fluid Cell
ic2:fluid_cell:0, Universal Fluid Cell
ic2:fluid_cell:0, Universal Fluid Cell
ic2:fluid_cell:0, Universal Fluid Cell
ic2:fluid_cell:0, Universal Fluid Cell
ic2:fluid_cell:0, Universal Fluid Cell
ic2:fluid_cell:0, Universal Fluid Cell
ic2:fluid_cell:0, Universal Fluid Cell
ic2:fluid_cell:0, Universal Fluid Cell
ic2:fluid_cell:0, Universal Fluid Cell
ic2:fluid_cell:0, Universal Fluid Cell
ic2:fluid_cell:0, Universal Fluid Cell
ic2:fluid_cell:0, Universal Fluid Cell
ic2:fluid_cell:0, Universal Fluid Cell
ic2:fluid_cell:0, Universal Fluid Cell
ic2:fluid_cell:0, Universal Fluid Cell
ic2:fluid_cell:0, Universal Fluid Cell
ic2:fluid_cell:0, Universal Fluid Cell
ic2:fluid_cell:0, Universal Fluid Cell
ic2:fluid_cell:0, Universal Fluid Cell
ic2:fluid_cell:0, Universal Fluid Cell
ic2:fluid_cell:0, Universal Fluid Cell
ic2:fluid_cell:0, Universal Fluid Cell
ic2:fluid_cell:0, Universal Fluid Cell
ic2:fluid_cell:0, Universal Fluid Cell
ic2:fluid_cell:0, Universal Fluid Cell
ic2:fluid_cell:0, Universal Fluid Cell
ic2:fluid_cell:0, Universal Fluid Cell
ic2:fluid_cell:0, Universal Fluid Cell
ic2:fluid_cell:0, Universal Fluid Cell
ic2:fluid_cell:0, Universal Fluid Cell
ic2:fluid_cell:0, Universal Fluid Cell
ic2:fluid_cell:0, Universal Fluid Cell
ic2:fluid_cell:0, Universal Fluid Cell
ic2:fluid_cell:0, Universal Fluid Cell
ic2:fluid_cell:0, Universal Fluid Cell
ic2:fluid_cell:0, Universal Fluid Cell
ic2:fluid_cell:0, Universal Fluid Cell
ic2:fluid_cell:0, Universal Fluid Cell
ic2:fluid_cell:0, Universal Fluid Cell
ic2:fluid_cell:0, Universal Fluid Cell
ic2:cable:0, Copper Cable
ic2:cable:0, Insulated Copper Cable
ic2:cable:1, Glass Fibre Cable
ic2:cable:2, Gold Cable
ic2:cable:2, Insulated Gold Cable
ic2:cable:2, 2x Ins. Gold Cable
ic2:cable:3, HV Cable
ic2:cable:3, Insulated HV Cable
ic2:cable:3, 2x Ins. HV Cable
ic2:cable:3, 3x Ins. HV Cable
ic2:cable:4, Tin Cable
ic2:cable:4, Insulated Tin Cable
ic2:cable:5, EU-Detector Cable
ic2:cable:6, EU-Splitter Cable
ic2:upgrade:0, Overclocker Upgrade
ic2:upgrade:1, Transformer Upgrade
ic2:upgrade:2, Energy Storage Upgrade
ic2:upgrade:3, Redstone Signal Inverter Upgrade
ic2:upgrade:4, Ejector Upgrade
ic2:upgrade:5, Advanced Ejector Upgrade
ic2:upgrade:6, Pulling Upgrade
ic2:upgrade:7, Advanced Pulling Upgrade
ic2:upgrade:8, Fluid Ejector Upgrade
ic2:upgrade:9, Fluid Pulling Upgrade
ic2:upgrade:10, Remote Interface Upgrade
ic2:filled_tin_can, ic2.filled_tin_can.name
ic2:filled_fuel_can, ic2.filled_fuel_can.name
ic2:iodine_tablet, ic2.iodine_tablet.name
ic2:crystal_memory, ic2.crystal_memory.name
ic2:rotor_wood, ic2.rotor_wood.name
ic2:rotor_bronze, ic2.rotor_bronze.name
ic2:rotor_iron, ic2.rotor_iron.name
ic2:rotor_steel, ic2.rotor_steel.name
ic2:rotor_carbon, ic2.rotor_carbon.name
ic2:dynamite, ic2.dynamite.name
ic2:dynamite_sticky, ic2.dynamite_sticky.name
ic2:remote, ic2.remote.name
ic2:pipe:0, Tiny Bronze Pipe
ic2:pipe:0, Small Bronze Pipe
ic2:pipe:0, Medium Bronze Pipe
ic2:pipe:0, Large Bronze Pipe
ic2:pipe:1, Tiny Steel Pipe
ic2:pipe:1, Small Steel Pipe
ic2:pipe:1, Medium Steel Pipe
ic2:pipe:1, Large Steel Pipe
ic2:cover:0, Pump Attachment (LV)
ic2:cover:1, Pump Attachment (MV)
ic2:coke, ic2.coke.name
deconstruction:table, Deconstruction Table
forge:bucketfilled, %s Bucket
coroutil:repairing_block, Repairing Block
coroutil:item_repairing_gel, Repairing Gel
tenshilib:ignore, Structure Ignore
tenshilib:structure_piece, Structure Piece
tenshilib:breakable_barrier, tile.tenshilib:breakable_barrier.name
wumpleutil:repairing_block, Repairing Block
appliedenergistics2:quartz_ore, Certus Quartz Ore
appliedenergistics2:charged_quartz_ore, Charged Certus Quartz Ore
appliedenergistics2:matrix_frame, Matrix Frame
appliedenergistics2:quartz_block, Certus Quartz Block
appliedenergistics2:quartz_pillar, Certus Quartz Pillar
appliedenergistics2:chiseled_quartz_block, Chiseled Certus Quartz Block
appliedenergistics2:quartz_glass, Quartz Glass
appliedenergistics2:quartz_vibrant_glass, Vibrant Quartz Glass
appliedenergistics2:quartz_fixture, Charged Quartz Fixture
appliedenergistics2:fluix_block, Fluix Block
appliedenergistics2:sky_stone_block, Sky Stone
appliedenergistics2:smooth_sky_stone_block, Sky Stone Block
appliedenergistics2:sky_stone_brick, Sky Stone Brick
appliedenergistics2:sky_stone_small_brick, Sky Stone Small Brick
appliedenergistics2:sky_stone_chest, Sky Stone Chest
appliedenergistics2:smooth_sky_stone_chest, Sky Stone Block Chest
appliedenergistics2:sky_compass, Meteorite Compass
appliedenergistics2:grindstone, Quartz Grindstone
appliedenergistics2:crank, Wooden Crank
appliedenergistics2:inscriber, Inscriber
appliedenergistics2:wireless_access_point, ME Wireless Access Point
appliedenergistics2:charger, Charger
appliedenergistics2:tiny_tnt, Tiny TNT
appliedenergistics2:security_station, ME Security Terminal
appliedenergistics2:quantum_ring, ME Quantum Ring
appliedenergistics2:quantum_link, ME Quantum Link Chamber
appliedenergistics2:spatial_pylon, Spatial Pylon
appliedenergistics2:spatial_io_port, Spatial IO Port
appliedenergistics2:controller, ME Controller
appliedenergistics2:drive, ME Drive
appliedenergistics2:chest, ME Chest
appliedenergistics2:interface, ME Interface
appliedenergistics2:fluid_interface, ME Fluid Interface
appliedenergistics2:cell_workbench, Cell Workbench
appliedenergistics2:io_port, ME IO Port
appliedenergistics2:condenser, Matter Condenser
appliedenergistics2:energy_acceptor, Energy Acceptor
appliedenergistics2:vibration_chamber, Vibration Chamber
appliedenergistics2:quartz_growth_accelerator, Crystal Growth Accelerator
appliedenergistics2:energy_cell, Energy Cell
appliedenergistics2:dense_energy_cell, Dense Energy Cell
appliedenergistics2:creative_energy_cell, Creative Energy Cell
appliedenergistics2:crafting_unit, Crafting Unit
appliedenergistics2:crafting_accelerator, Crafting Co-Processing Unit
appliedenergistics2:crafting_storage_1k, 1k Crafting Storage
appliedenergistics2:crafting_storage_4k, 4k Crafting Storage
appliedenergistics2:crafting_storage_16k, 16k Crafting Storage
appliedenergistics2:crafting_storage_64k, 64k Crafting Storage
appliedenergistics2:crafting_monitor, Crafting Monitor
appliedenergistics2:molecular_assembler, Molecular Assembler
appliedenergistics2:light_detector, Light Detecting Fixture
appliedenergistics2:paint, tile.appliedenergistics2.paint.name
appliedenergistics2:sky_stone_stairs, Sky Stone Stairs
appliedenergistics2:smooth_sky_stone_stairs, Sky Stone Block Stairs
appliedenergistics2:sky_stone_brick_stairs, Sky Stone Brick Stairs
appliedenergistics2:sky_stone_small_brick_stairs, Sky Stone Small Brick Stairs
appliedenergistics2:fluix_stairs, Fluix Stairs
appliedenergistics2:quartz_stairs, Certus Quartz Stairs
appliedenergistics2:chiseled_quartz_stairs, Chiseled Certus Quartz Stairs
appliedenergistics2:quartz_pillar_stairs, Certus Quartz Pillar Stairs
appliedenergistics2:cable_bus, AE2 Cable and/or Bus
appliedenergistics2:sky_stone_slab:0, Sky Stone Slabs
appliedenergistics2:smooth_sky_stone_slab:0, Sky Stone Block Slabs
appliedenergistics2:sky_stone_brick_slab:0, Sky Stone Brick Slabs
appliedenergistics2:sky_stone_small_brick_slab:0, Sky Stone Small Brick Slabs
appliedenergistics2:fluix_slab:0, Fluix Slabs
appliedenergistics2:quartz_slab:0, Certus Quartz Slabs
appliedenergistics2:chiseled_quartz_slab:0, Chiseled Certus Quartz Slabs
appliedenergistics2:quartz_pillar_slab:0, Certus Quartz Pillar Slabs
appliedenergistics2:certus_quartz_axe, Certus Quartz Axe
appliedenergistics2:certus_quartz_hoe, Certus Quartz Hoe
appliedenergistics2:certus_quartz_spade, Certus Quartz Shovel
appliedenergistics2:certus_quartz_pickaxe, Certus Quartz Pickaxe
appliedenergistics2:certus_quartz_sword, Certus Quartz Sword
appliedenergistics2:certus_quartz_wrench, Certus Quartz Wrench
appliedenergistics2:certus_quartz_cutting_knife, Certus Quartz Cutting Knife
appliedenergistics2:nether_quartz_axe, Nether Quartz Axe
appliedenergistics2:nether_quartz_hoe, Nether Quartz Hoe
appliedenergistics2:nether_quartz_spade, Nether Quartz Shovel
appliedenergistics2:nether_quartz_pickaxe, Nether Quartz Pickaxe
appliedenergistics2:nether_quartz_sword, Nether Quartz Sword
appliedenergistics2:nether_quartz_wrench, Nether Quartz Wrench
appliedenergistics2:nether_quartz_cutting_knife, Nether Quartz Cutting Knife
appliedenergistics2:entropy_manipulator, Entropy Manipulator
appliedenergistics2:wireless_terminal, Wireless Terminal
appliedenergistics2:charged_staff, Charged Staff
appliedenergistics2:matter_cannon, Matter Cannon
appliedenergistics2:portable_cell, Portable Cell
appliedenergistics2:color_applicator, Color Applicator
appliedenergistics2:biometric_card, Biometric Card
appliedenergistics2:memory_card, Memory Card
appliedenergistics2:network_tool, Network Tool
appliedenergistics2:creative_storage_cell, Creative ME Storage Cell
appliedenergistics2:view_cell, View Cell
appliedenergistics2:storage_cell_1k, 1k ME Storage Cell
appliedenergistics2:storage_cell_4k, 4k ME Storage Cell
appliedenergistics2:storage_cell_16k, 16k ME Storage Cell
appliedenergistics2:storage_cell_64k, 64k ME Storage Cell
appliedenergistics2:fluid_storage_cell_1k, 1k ME Fluid Storage Cell
appliedenergistics2:fluid_storage_cell_4k, 4k ME Fluid Storage Cell
appliedenergistics2:fluid_storage_cell_16k, 16k ME Fluid Storage Cell
appliedenergistics2:fluid_storage_cell_64k, 64k ME Fluid Storage Cell
appliedenergistics2:spatial_storage_cell_2_cubed, 2³ Spatial Storage Cell
appliedenergistics2:spatial_storage_cell_16_cubed, 16³ Spatial Storage Cell
appliedenergistics2:spatial_storage_cell_128_cubed, 128³ Spatial Storage Cell
appliedenergistics2:facade:0, Cable Facade - Stone
appliedenergistics2:facade:0, Cable Facade - Granite
appliedenergistics2:facade:0, Cable Facade - Polished Granite
appliedenergistics2:facade:0, Cable Facade - Diorite
appliedenergistics2:facade:0, Cable Facade - Polished Diorite
appliedenergistics2:facade:0, Cable Facade - Andesite
appliedenergistics2:facade:0, Cable Facade - Polished Andesite
appliedenergistics2:facade:0, Cable Facade - Grass Block
appliedenergistics2:facade:0, Cable Facade - Dirt
appliedenergistics2:facade:0, Cable Facade - Coarse Dirt
appliedenergistics2:facade:0, Cable Facade - Podzol
appliedenergistics2:facade:0, Cable Facade - Cobblestone
appliedenergistics2:facade:0, Cable Facade - Oak Wood Planks
appliedenergistics2:facade:0, Cable Facade - Spruce Wood Planks
appliedenergistics2:facade:0, Cable Facade - Birch Wood Planks
appliedenergistics2:facade:0, Cable Facade - Jungle Wood Planks
appliedenergistics2:facade:0, Cable Facade - Acacia Wood Planks
appliedenergistics2:facade:0, Cable Facade - Dark Oak Wood Planks
appliedenergistics2:facade:0, Cable Facade - Bedrock
appliedenergistics2:facade:0, Cable Facade - Sand
appliedenergistics2:facade:0, Cable Facade - Red Sand
appliedenergistics2:facade:0, Cable Facade - Gravel
appliedenergistics2:facade:0, Cable Facade - Gold Ore
appliedenergistics2:facade:0, Cable Facade - Iron Ore
appliedenergistics2:facade:0, Cable Facade - Coal Ore
appliedenergistics2:facade:0, Cable Facade - Oak Wood
appliedenergistics2:facade:0, Cable Facade - Spruce Wood
appliedenergistics2:facade:0, Cable Facade - Birch Wood
appliedenergistics2:facade:0, Cable Facade - Jungle Wood
appliedenergistics2:facade:0, Cable Facade - Oak Leaves
appliedenergistics2:facade:0, Cable Facade - Spruce Leaves
appliedenergistics2:facade:0, Cable Facade - Birch Leaves
appliedenergistics2:facade:0, Cable Facade - Jungle Leaves
appliedenergistics2:facade:0, Cable Facade - Sponge
appliedenergistics2:facade:0, Cable Facade - Wet Sponge
appliedenergistics2:facade:0, Cable Facade - Glass
appliedenergistics2:facade:0, Cable Facade - Lapis Lazuli Ore
appliedenergistics2:facade:0, Cable Facade - Lapis Lazuli Block
appliedenergistics2:facade:0, Cable Facade - Sandstone
appliedenergistics2:facade:0, Cable Facade - Chiseled Sandstone
appliedenergistics2:facade:0, Cable Facade - Smooth Sandstone
appliedenergistics2:facade:0, Cable Facade - White Wool
appliedenergistics2:facade:0, Cable Facade - Orange Wool
appliedenergistics2:facade:0, Cable Facade - Magenta Wool
appliedenergistics2:facade:0, Cable Facade - Light Blue Wool
appliedenergistics2:facade:0, Cable Facade - Yellow Wool
appliedenergistics2:facade:0, Cable Facade - Lime Wool
appliedenergistics2:facade:0, Cable Facade - Pink Wool
appliedenergistics2:facade:0, Cable Facade - Gray Wool
appliedenergistics2:facade:0, Cable Facade - Light Gray Wool
appliedenergistics2:facade:0, Cable Facade - Cyan Wool
appliedenergistics2:facade:0, Cable Facade - Purple Wool
appliedenergistics2:facade:0, Cable Facade - Blue Wool
appliedenergistics2:facade:0, Cable Facade - Brown Wool
appliedenergistics2:facade:0, Cable Facade - Green Wool
appliedenergistics2:facade:0, Cable Facade - Red Wool
appliedenergistics2:facade:0, Cable Facade - Black Wool
appliedenergistics2:facade:0, Cable Facade - Block of Gold
appliedenergistics2:facade:0, Cable Facade - Block of Iron
appliedenergistics2:facade:0, Cable Facade - Bricks
appliedenergistics2:facade:0, Cable Facade - TNT
appliedenergistics2:facade:0, Cable Facade - Bookshelf
appliedenergistics2:facade:0, Cable Facade - Moss Stone
appliedenergistics2:facade:0, Cable Facade - Obsidian
appliedenergistics2:facade:0, Cable Facade - Diamond Ore
appliedenergistics2:facade:0, Cable Facade - Block of Diamond
appliedenergistics2:facade:0, Cable Facade - Crafting Table
appliedenergistics2:facade:0, Cable Facade - Redstone Ore
appliedenergistics2:facade:0, Cable Facade - Ice
appliedenergistics2:facade:0, Cable Facade - Snow
appliedenergistics2:facade:0, Cable Facade - Clay
appliedenergistics2:facade:0, Cable Facade - Pumpkin
appliedenergistics2:facade:0, Cable Facade - Netherrack
appliedenergistics2:facade:0, Cable Facade - Soul Sand
appliedenergistics2:facade:0, Cable Facade - Glowstone
appliedenergistics2:facade:0, Cable Facade - Jack o'Lantern
appliedenergistics2:facade:0, Cable Facade - White Stained Glass
appliedenergistics2:facade:0, Cable Facade - Orange Stained Glass
appliedenergistics2:facade:0, Cable Facade - Magenta Stained Glass
appliedenergistics2:facade:0, Cable Facade - Light Blue Stained Glass
appliedenergistics2:facade:0, Cable Facade - Yellow Stained Glass
appliedenergistics2:facade:0, Cable Facade - Lime Stained Glass
appliedenergistics2:facade:0, Cable Facade - Pink Stained Glass
appliedenergistics2:facade:0, Cable Facade - Gray Stained Glass
appliedenergistics2:facade:0, Cable Facade - Light Gray Stained Glass
appliedenergistics2:facade:0, Cable Facade - Cyan Stained Glass
appliedenergistics2:facade:0, Cable Facade - Purple Stained Glass
appliedenergistics2:facade:0, Cable Facade - Blue Stained Glass
appliedenergistics2:facade:0, Cable Facade - Brown Stained Glass
appliedenergistics2:facade:0, Cable Facade - Green Stained Glass
appliedenergistics2:facade:0, Cable Facade - Red Stained Glass
appliedenergistics2:facade:0, Cable Facade - Black Stained Glass
appliedenergistics2:facade:0, Cable Facade - Stone Monster Egg
appliedenergistics2:facade:0, Cable Facade - Cobblestone Monster Egg
appliedenergistics2:facade:0, Cable Facade - Stone Brick Monster Egg
appliedenergistics2:facade:0, Cable Facade - Mossy Stone Brick Monster Egg
appliedenergistics2:facade:0, Cable Facade - Cracked Stone Brick Monster Egg
appliedenergistics2:facade:0, Cable Facade - Chiseled Stone Brick Monster Egg
appliedenergistics2:facade:0, Cable Facade - Stone Bricks
appliedenergistics2:facade:0, Cable Facade - Mossy Stone Bricks
appliedenergistics2:facade:0, Cable Facade - Cracked Stone Bricks
appliedenergistics2:facade:0, Cable Facade - Chiseled Stone Bricks
appliedenergistics2:facade:0, Cable Facade - Mushroom
appliedenergistics2:facade:0, Cable Facade - Mushroom
appliedenergistics2:facade:0, Cable Facade - Melon
appliedenergistics2:facade:0, Cable Facade - Mycelium
appliedenergistics2:facade:0, Cable Facade - Nether Brick
appliedenergistics2:facade:0, Cable Facade - End Stone
appliedenergistics2:facade:0, Cable Facade - Redstone Lamp
appliedenergistics2:facade:0, Cable Facade - Emerald Ore
appliedenergistics2:facade:0, Cable Facade - Block of Emerald
appliedenergistics2:facade:0, Cable Facade - Block of Redstone
appliedenergistics2:facade:0, Cable Facade - Nether Quartz Ore
appliedenergistics2:facade:0, Cable Facade - Block of Quartz
appliedenergistics2:facade:0, Cable Facade - Chiseled Quartz Block
appliedenergistics2:facade:0, Cable Facade - Pillar Quartz Block
appliedenergistics2:facade:0, Cable Facade - White Terracotta
appliedenergistics2:facade:0, Cable Facade - Orange Terracotta
appliedenergistics2:facade:0, Cable Facade - Magenta Terracotta
appliedenergistics2:facade:0, Cable Facade - Light Blue Terracotta
appliedenergistics2:facade:0, Cable Facade - Yellow Terracotta
appliedenergistics2:facade:0, Cable Facade - Lime Terracotta
appliedenergistics2:facade:0, Cable Facade - Pink Terracotta
appliedenergistics2:facade:0, Cable Facade - Gray Terracotta
appliedenergistics2:facade:0, Cable Facade - Light Gray Terracotta
appliedenergistics2:facade:0, Cable Facade - Cyan Terracotta
appliedenergistics2:facade:0, Cable Facade - Purple Terracotta
appliedenergistics2:facade:0, Cable Facade - Blue Terracotta
appliedenergistics2:facade:0, Cable Facade - Brown Terracotta
appliedenergistics2:facade:0, Cable Facade - Green Terracotta
appliedenergistics2:facade:0, Cable Facade - Red Terracotta
appliedenergistics2:facade:0, Cable Facade - Black Terracotta
appliedenergistics2:facade:0, Cable Facade - Acacia Leaves
appliedenergistics2:facade:0, Cable Facade - Dark Oak Leaves
appliedenergistics2:facade:0, Cable Facade - Acacia Wood
appliedenergistics2:facade:0, Cable Facade - Dark Oak Wood
appliedenergistics2:facade:0, Cable Facade - Slime Block
appliedenergistics2:facade:0, Cable Facade - Prismarine
appliedenergistics2:facade:0, Cable Facade - Prismarine Bricks
appliedenergistics2:facade:0, Cable Facade - Dark Prismarine
appliedenergistics2:facade:0, Cable Facade - Sea Lantern
appliedenergistics2:facade:0, Cable Facade - Hay Bale
appliedenergistics2:facade:0, Cable Facade - Terracotta
appliedenergistics2:facade:0, Cable Facade - Block of Coal
appliedenergistics2:facade:0, Cable Facade - Packed Ice
appliedenergistics2:facade:0, Cable Facade - Red Sandstone
appliedenergistics2:facade:0, Cable Facade - Chiseled Red Sandstone
appliedenergistics2:facade:0, Cable Facade - Smooth Red Sandstone
appliedenergistics2:facade:0, Cable Facade - Purpur Block
appliedenergistics2:facade:0, Cable Facade - Purpur Pillar
appliedenergistics2:facade:0, Cable Facade - End Stone Bricks
appliedenergistics2:facade:0, Cable Facade - Magma Block
appliedenergistics2:facade:0, Cable Facade - Nether Wart Block
appliedenergistics2:facade:0, Cable Facade - Red Nether Brick
appliedenergistics2:facade:0, Cable Facade - Bone Block
appliedenergistics2:facade:0, Cable Facade - Observer
appliedenergistics2:facade:0, Cable Facade - White Glazed Terracotta
appliedenergistics2:facade:0, Cable Facade - Orange Glazed Terracotta
appliedenergistics2:facade:0, Cable Facade - Magenta Glazed Terracotta
appliedenergistics2:facade:0, Cable Facade - Light Blue Glazed Terracotta
appliedenergistics2:facade:0, Cable Facade - Yellow Glazed Terracotta
appliedenergistics2:facade:0, Cable Facade - Lime Glazed Terracotta
appliedenergistics2:facade:0, Cable Facade - Pink Glazed Terracotta
appliedenergistics2:facade:0, Cable Facade - Gray Glazed Terracotta
appliedenergistics2:facade:0, Cable Facade - Light Gray Glazed Terracotta
appliedenergistics2:facade:0, Cable Facade - Cyan Glazed Terracotta
appliedenergistics2:facade:0, Cable Facade - Purple Glazed Terracotta
appliedenergistics2:facade:0, Cable Facade - Blue Glazed Terracotta
appliedenergistics2:facade:0, Cable Facade - Brown Glazed Terracotta
appliedenergistics2:facade:0, Cable Facade - Green Glazed Terracotta
appliedenergistics2:facade:0, Cable Facade - Red Glazed Terracotta
appliedenergistics2:facade:0, Cable Facade - Black Glazed Terracotta
appliedenergistics2:facade:0, Cable Facade - White Concrete
appliedenergistics2:facade:0, Cable Facade - Orange Concrete
appliedenergistics2:facade:0, Cable Facade - Magenta Concrete
appliedenergistics2:facade:0, Cable Facade - Light Blue Concrete
appliedenergistics2:facade:0, Cable Facade - Yellow Concrete
appliedenergistics2:facade:0, Cable Facade - Lime Concrete
appliedenergistics2:facade:0, Cable Facade - Pink Concrete
appliedenergistics2:facade:0, Cable Facade - Gray Concrete
appliedenergistics2:facade:0, Cable Facade - Light Gray Concrete
appliedenergistics2:facade:0, Cable Facade - Cyan Concrete
appliedenergistics2:facade:0, Cable Facade - Purple Concrete
appliedenergistics2:facade:0, Cable Facade - Blue Concrete
appliedenergistics2:facade:0, Cable Facade - Brown Concrete
appliedenergistics2:facade:0, Cable Facade - Green Concrete
appliedenergistics2:facade:0, Cable Facade - Red Concrete
appliedenergistics2:facade:0, Cable Facade - Black Concrete
appliedenergistics2:facade:0, Cable Facade - White Concrete Powder
appliedenergistics2:facade:0, Cable Facade - Orange Concrete Powder
appliedenergistics2:facade:0, Cable Facade - Magenta Concrete Powder
appliedenergistics2:facade:0, Cable Facade - Light Blue Concrete Powder
appliedenergistics2:facade:0, Cable Facade - Yellow Concrete Powder
appliedenergistics2:facade:0, Cable Facade - Lime Concrete Powder
appliedenergistics2:facade:0, Cable Facade - Pink Concrete Powder
appliedenergistics2:facade:0, Cable Facade - Gray Concrete Powder
appliedenergistics2:facade:0, Cable Facade - Light Gray Concrete Powder
appliedenergistics2:facade:0, Cable Facade - Cyan Concrete Powder
appliedenergistics2:facade:0, Cable Facade - Purple Concrete Powder
appliedenergistics2:facade:0, Cable Facade - Blue Concrete Powder
appliedenergistics2:facade:0, Cable Facade - Brown Concrete Powder
appliedenergistics2:facade:0, Cable Facade - Green Concrete Powder
appliedenergistics2:facade:0, Cable Facade - Red Concrete Powder
appliedenergistics2:facade:0, Cable Facade - Black Concrete Powder
appliedenergistics2:facade:0, Cable Facade - Spectral Moss
appliedenergistics2:facade:0, Cable Facade - Loamy Dirt
appliedenergistics2:facade:0, Cable Facade - White Sand
appliedenergistics2:facade:0, Cable Facade - White Sandstone
appliedenergistics2:facade:0, Cable Facade - Dried Sand
appliedenergistics2:facade:0, Cable Facade - Hardened Ice
appliedenergistics2:facade:0, Cable Facade - Ash Block
appliedenergistics2:facade:0, Cable Facade - Mud
appliedenergistics2:facade:0, Cable Facade - Flesh
appliedenergistics2:facade:0, Cable Facade - Celestial Crystal
appliedenergistics2:facade:0, Cable Facade - Biome Essence Ore
appliedenergistics2:facade:0, Cable Facade - Ender Amethyst Ore
appliedenergistics2:facade:0, Cable Facade - Block of Amethyst
appliedenergistics2:facade:0, Cable Facade - Hive Block
appliedenergistics2:facade:0, Cable Facade - Honey Block
appliedenergistics2:facade:0, Cable Facade - Bamboo Thatching
appliedenergistics2:facade:0, Cable Facade - Mud Bricks
appliedenergistics2:facade:0, Cable Facade - Sacred Oak Wood Planks
appliedenergistics2:facade:0, Cable Facade - Basalt
appliedenergistics2:facade:0, Cable Facade - Copper Ore
appliedenergistics2:facade:0, Cable Facade - Lead Ore
appliedenergistics2:facade:0, Cable Facade - Tin Ore
appliedenergistics2:facade:0, Cable Facade - Uranium Ore
appliedenergistics2:facade:0, Cable Facade - Bronze Block
appliedenergistics2:facade:0, Cable Facade - Copper Block
appliedenergistics2:facade:0, Cable Facade - Lead Block
appliedenergistics2:facade:0, Cable Facade - Steel Block
appliedenergistics2:facade:0, Cable Facade - Tin Block
appliedenergistics2:facade:0, Cable Facade - Uranium Block
appliedenergistics2:facade:0, Cable Facade - Reinforced Stone
appliedenergistics2:facade:0, Cable Facade - Basic Machine Casing
appliedenergistics2:facade:0, Cable Facade - Advanced Machine Casing
appliedenergistics2:facade:0, Cable Facade - Reactor Pressure Vessel
appliedenergistics2:facade:0, Cable Facade - Silver Block
appliedenergistics2:facade:0, Cable Facade - Rubber Tree Leaves
appliedenergistics2:facade:0, Cable Facade - Rubber Wood
appliedenergistics2:facade:0, Cable Facade - Scaffold
appliedenergistics2:facade:0, Cable Facade - Reinforced Scaffold
appliedenergistics2:facade:0, Cable Facade - Iron Scaffold
appliedenergistics2:facade:0, Cable Facade - Reinforced Iron Scaffold
appliedenergistics2:facade:0, Cable Facade - Construction Foam
appliedenergistics2:facade:0, Cable Facade - Reinforced Construction Foam
appliedenergistics2:facade:0, Cable Facade - Construction Foam Wall (Black)
appliedenergistics2:facade:0, Cable Facade - Construction Foam Wall (Blue)
appliedenergistics2:facade:0, Cable Facade - Construction Foam Wall (Brown)
appliedenergistics2:facade:0, Cable Facade - Construction Foam Wall (Cyan)
appliedenergistics2:facade:0, Cable Facade - Construction Foam Wall (Gray)
appliedenergistics2:facade:0, Cable Facade - Construction Foam Wall (Green)
appliedenergistics2:facade:0, Cable Facade - Construction Foam Wall (Light Blue)
appliedenergistics2:facade:0, Cable Facade - Construction Foam Wall (Light Gray)
appliedenergistics2:facade:0, Cable Facade - Construction Foam Wall (Lime)
appliedenergistics2:facade:0, Cable Facade - Construction Foam Wall (Magenta)
appliedenergistics2:facade:0, Cable Facade - Construction Foam Wall (Orange)
appliedenergistics2:facade:0, Cable Facade - Construction Foam Wall (Pink)
appliedenergistics2:facade:0, Cable Facade - Construction Foam Wall (Purple)
appliedenergistics2:facade:0, Cable Facade - Construction Foam Wall (Red)
appliedenergistics2:facade:0, Cable Facade - Construction Foam Wall (White)
appliedenergistics2:facade:0, Cable Facade - Construction Foam Wall (Yellow)
appliedenergistics2:facade:0, Cable Facade - Refractory Bricks
appliedenergistics2:facade:0, Cable Facade - Deconstruction Table
appliedenergistics2:facade:0, Cable Facade - Certus Quartz Ore
appliedenergistics2:facade:0, Cable Facade - Charged Certus Quartz Ore
appliedenergistics2:facade:0, Cable Facade - Certus Quartz Block
appliedenergistics2:facade:0, Cable Facade - Certus Quartz Pillar
appliedenergistics2:facade:0, Cable Facade - Chiseled Certus Quartz Block
appliedenergistics2:facade:0, Cable Facade - Quartz Glass
appliedenergistics2:facade:0, Cable Facade - Vibrant Quartz Glass
appliedenergistics2:facade:0, Cable Facade - Fluix Block
appliedenergistics2:facade:0, Cable Facade - Sky Stone
appliedenergistics2:facade:0, Cable Facade - Sky Stone Block
appliedenergistics2:facade:0, Cable Facade - Sky Stone Brick
appliedenergistics2:facade:0, Cable Facade - Sky Stone Small Brick
appliedenergistics2:facade:0, Cable Facade - Grout
appliedenergistics2:facade:0, Cable Facade - Green Slimy Mud
appliedenergistics2:facade:0, Cable Facade - Blue Slimy Mud
appliedenergistics2:facade:0, Cable Facade - Graveyard Soil
appliedenergistics2:facade:0, Cable Facade - Consecrated Soil
appliedenergistics2:facade:0, Cable Facade - Slimy Magma Mud
appliedenergistics2:facade:0, Cable Facade - Slime Block
appliedenergistics2:facade:0, Cable Facade - Slime Block
appliedenergistics2:facade:0, Cable Facade - Blood Slime Block
appliedenergistics2:facade:0, Cable Facade - Slime Block
appliedenergistics2:facade:0, Cable Facade - Congealed Slime Block
appliedenergistics2:facade:0, Cable Facade - Congealed Slime Block
appliedenergistics2:facade:0, Cable Facade - Congealed Slime Block
appliedenergistics2:facade:0, Cable Facade - Congealed Bloodblock
appliedenergistics2:facade:0, Cable Facade - Congealed Slime Block
appliedenergistics2:facade:0, Cable Facade - Cobalt Ore
appliedenergistics2:facade:0, Cable Facade - Ardite Ore
appliedenergistics2:facade:0, Cable Facade - Lavawood
appliedenergistics2:facade:0, Cable Facade - Firewood
appliedenergistics2:facade:0, Cable Facade - Mud Bricks
appliedenergistics2:facade:0, Cable Facade - Block of Cobalt
appliedenergistics2:facade:0, Cable Facade - Block of Ardite
appliedenergistics2:facade:0, Cable Facade - Block of Manyullyn
appliedenergistics2:facade:0, Cable Facade - Block of Knightslime
appliedenergistics2:facade:0, Cable Facade - Block of Pigiron
appliedenergistics2:facade:0, Cable Facade - Silky Block of Jewel
appliedenergistics2:facade:0, Cable Facade - Green Slimy Dirt
appliedenergistics2:facade:0, Cable Facade - Blue Slimy Dirt
appliedenergistics2:facade:0, Cable Facade - Purple Slimy Dirt
appliedenergistics2:facade:0, Cable Facade - Magma Slimy Dirt
appliedenergistics2:facade:0, Cable Facade - Slimy Grass
appliedenergistics2:facade:0, Cable Facade - Green Slimy Grass
appliedenergistics2:facade:0, Cable Facade - Blue Slimy Grass
appliedenergistics2:facade:0, Cable Facade - Purple Slimy Grass
appliedenergistics2:facade:0, Cable Facade - Magma Slimy Grass
appliedenergistics2:facade:0, Cable Facade - Slimy Grass
appliedenergistics2:facade:0, Cable Facade - Green Slimy Grass
appliedenergistics2:facade:0, Cable Facade - Blue Slimy Grass
appliedenergistics2:facade:0, Cable Facade - Purple Slimy Grass
appliedenergistics2:facade:0, Cable Facade - Magma Slimy Grass
appliedenergistics2:facade:0, Cable Facade - Slimy Grass
appliedenergistics2:facade:0, Cable Facade - Green Slimy Grass
appliedenergistics2:facade:0, Cable Facade - Blue Slimy Grass
appliedenergistics2:facade:0, Cable Facade - Purple Slimy Grass
appliedenergistics2:facade:0, Cable Facade - Magma Slimy Grass
appliedenergistics2:facade:0, Cable Facade - Slimy Leaves
appliedenergistics2:facade:0, Cable Facade - Slimy Leaves
appliedenergistics2:facade:0, Cable Facade - Slimy Leaves
appliedenergistics2:facade:0, Cable Facade - Dried Clay
appliedenergistics2:facade:0, Cable Facade - Dried Bricks
appliedenergistics2:facade:0, Cable Facade - Smooth Brownstone
appliedenergistics2:facade:0, Cable Facade - Rough Brownstone
appliedenergistics2:facade:0, Cable Facade - Brownstone Paver
appliedenergistics2:facade:0, Cable Facade - Brownstone Bricks
appliedenergistics2:facade:0, Cable Facade - Cracked Brownstone Bricks
appliedenergistics2:facade:0, Cable Facade - Fancy Brownstone Bricks
appliedenergistics2:facade:0, Cable Facade - Square Brownstone Bricks
appliedenergistics2:facade:0, Cable Facade - Brownstone Road
appliedenergistics2:facade:0, Cable Facade - Brownstone Creeperface
appliedenergistics2:facade:0, Cable Facade - Triangle Brownstone Bricks
appliedenergistics2:facade:0, Cable Facade - Small Brownstone Bricks
appliedenergistics2:facade:0, Cable Facade - Brownstone Tiles
appliedenergistics2:facade:0, Cable Facade - Compact Raw Porkchop
appliedenergistics2:facade:0, Cable Facade - Water Spring
appliedenergistics2:facade:0, Cable Facade - Oil Spring
appliedenergistics2:facade:0, Cable Facade - tile.decorated.destroy.name
appliedenergistics2:facade:0, Cable Facade - Blueprint (Decoration)
appliedenergistics2:facade:0, Cable Facade - Template (Decoration)
appliedenergistics2:facade:0, Cable Facade - tile.decorated.paper.name
appliedenergistics2:facade:0, Cable Facade - tile.decorated.leather.name
appliedenergistics2:facade:0, Cable Facade - Laser (Decoration)
appliedenergistics2:crystal_seed:0, Certus Quartz Seed
appliedenergistics2:crystal_seed:600, Nether Quartz Seed
appliedenergistics2:crystal_seed:1200, Fluix Seed
appliedenergistics2:crystal_seed:0, Certus Quartz Seed
appliedenergistics2:crystal_seed:600, Nether Quartz Seed
appliedenergistics2:crystal_seed:1200, Fluix Seed
appliedenergistics2:crystal_seed:0, Certus Quartz Seed
appliedenergistics2:crystal_seed:600, Nether Quartz Seed
appliedenergistics2:crystal_seed:1200, Fluix Seed
appliedenergistics2:encoded_pattern, Encoded Pattern
appliedenergistics2:paint_ball:0, Paint Ball - White
appliedenergistics2:paint_ball:1, Paint Ball - Orange
appliedenergistics2:paint_ball:2, Paint Ball - Magenta
appliedenergistics2:paint_ball:3, Paint Ball - Light Blue
appliedenergistics2:paint_ball:4, Paint Ball - Yellow
appliedenergistics2:paint_ball:5, Paint Ball - Lime
appliedenergistics2:paint_ball:6, Paint Ball - Pink
appliedenergistics2:paint_ball:7, Paint Ball - Gray
appliedenergistics2:paint_ball:8, Paint Ball - Light Gray
appliedenergistics2:paint_ball:9, Paint Ball - Cyan
appliedenergistics2:paint_ball:10, Paint Ball - Purple
appliedenergistics2:paint_ball:11, Paint Ball - Blue
appliedenergistics2:paint_ball:12, Paint Ball - Brown
appliedenergistics2:paint_ball:13, Paint Ball - Green
appliedenergistics2:paint_ball:14, Paint Ball - Red
appliedenergistics2:paint_ball:15, Paint Ball - Black
appliedenergistics2:paint_ball:20, Paint Ball - Lumen White
appliedenergistics2:paint_ball:21, Paint Ball - Lumen Orange
appliedenergistics2:paint_ball:22, Paint Ball - Lumen Magenta
appliedenergistics2:paint_ball:23, Paint Ball - Lumen Light Blue
appliedenergistics2:paint_ball:24, Paint Ball - Lumen Yellow
appliedenergistics2:paint_ball:25, Paint Ball - Lumen Lime
appliedenergistics2:paint_ball:26, Paint Ball - Lumen Pink
appliedenergistics2:paint_ball:27, Paint Ball - Lumen Gray
appliedenergistics2:paint_ball:28, Paint Ball - Lumen Light Gray
appliedenergistics2:paint_ball:29, Paint Ball - Lumen Cyan
appliedenergistics2:paint_ball:30, Paint Ball - Lumen Purple
appliedenergistics2:paint_ball:31, Paint Ball - Lumen Blue
appliedenergistics2:paint_ball:32, Paint Ball - Lumen Brown
appliedenergistics2:paint_ball:33, Paint Ball - Lumen Green
appliedenergistics2:paint_ball:34, Paint Ball - Lumen Red
appliedenergistics2:paint_ball:35, Paint Ball - Lumen Black
appliedenergistics2:dummy_fluid_item, item.appliedenergistics2.dummy_fluid_item.name
appliedenergistics2:material:28, Advanced Card
appliedenergistics2:material:44, Annihilation Core
appliedenergistics2:material:25, Basic Card
appliedenergistics2:material:52, Blank Pattern
appliedenergistics2:material:23, Calculation Processor
appliedenergistics2:material:13, Inscriber Calculation Press
appliedenergistics2:material:16, Printed Calculation Circuit
appliedenergistics2:material:27, Capacity Card
appliedenergistics2:material:53, Crafting Card
appliedenergistics2:material:29, Fuzzy Card
appliedenergistics2:material:31, Inverter Card
appliedenergistics2:material:26, Redstone Card
appliedenergistics2:material:30, Acceleration Card
appliedenergistics2:material:34, 128³ Spatial Component
appliedenergistics2:material:37, 16k ME Storage Component
appliedenergistics2:material:33, 16³ Spatial Component
appliedenergistics2:material:35, 1k ME Storage Component
appliedenergistics2:material:32, 2³ Spatial Component
appliedenergistics2:material:36, 4k ME Storage Component
appliedenergistics2:material:38, 64k ME Storage Component
appliedenergistics2:material:0, Certus Quartz Crystal
appliedenergistics2:material:1, Charged Certus Quartz Crystal
appliedenergistics2:material:2, Certus Quartz Dust
appliedenergistics2:material:39, ME Storage Housing
appliedenergistics2:material:46, Ender Dust
appliedenergistics2:material:24, Engineering Processor
appliedenergistics2:material:14, Inscriber Engineering Press
appliedenergistics2:material:17, Printed Engineering Circuit
appliedenergistics2:material:4, Flour
appliedenergistics2:material:56, 16k ME Fluid Storage Component
appliedenergistics2:material:54, 1k ME Fluid Storage Component
appliedenergistics2:material:55, 4k ME Fluid Storage Component
appliedenergistics2:material:57, 64k ME Fluid Storage Component
appliedenergistics2:material:7, Fluix Crystal
appliedenergistics2:material:8, Fluix Dust
appliedenergistics2:material:9, Fluix Pearl
appliedenergistics2:material:43, Formation Core
appliedenergistics2:material:51, Gold Dust
appliedenergistics2:material:49, Iron Dust
appliedenergistics2:material:22, Logic Processor
appliedenergistics2:material:15, Inscriber Logic Press
appliedenergistics2:material:18, Printed Logic Circuit
appliedenergistics2:material:6, Matter Ball
appliedenergistics2:material:21, Inscriber Name Press
appliedenergistics2:material:3, Nether Quartz Dust
appliedenergistics2:material:10, Pure Certus Quartz Crystal
appliedenergistics2:material:12, Pure Fluix Crystal
appliedenergistics2:material:11, Pure Nether Quartz Crystal
appliedenergistics2:material:48, Quantum Entangled Singularity
appliedenergistics2:material:5, Silicon
appliedenergistics2:material:19, Inscriber Silicon Press
appliedenergistics2:material:20, Printed Silicon
appliedenergistics2:material:47, Singularity
appliedenergistics2:material:45, Sky Stone Dust
appliedenergistics2:material:41, Wireless Receiver
appliedenergistics2:material:42, Wireless Booster
appliedenergistics2:material:40, Wooden Gear
appliedenergistics2:part:300, ME Annihilation Plane
appliedenergistics2:part:120, Cable Anchor
appliedenergistics2:part:20, ME Covered Cable - White
appliedenergistics2:part:21, ME Covered Cable - Orange
appliedenergistics2:part:22, ME Covered Cable - Magenta
appliedenergistics2:part:23, ME Covered Cable - Light Blue
appliedenergistics2:part:24, ME Covered Cable - Yellow
appliedenergistics2:part:25, ME Covered Cable - Lime
appliedenergistics2:part:26, ME Covered Cable - Pink
appliedenergistics2:part:27, ME Covered Cable - Gray
appliedenergistics2:part:28, ME Covered Cable - Light Gray
appliedenergistics2:part:29, ME Covered Cable - Cyan
appliedenergistics2:part:30, ME Covered Cable - Purple
appliedenergistics2:part:31, ME Covered Cable - Blue
appliedenergistics2:part:32, ME Covered Cable - Brown
appliedenergistics2:part:33, ME Covered Cable - Green
appliedenergistics2:part:34, ME Covered Cable - Red
appliedenergistics2:part:35, ME Covered Cable - Black
appliedenergistics2:part:36, ME Covered Cable - Fluix
appliedenergistics2:part:500, ME Dense Covered Cable - White
appliedenergistics2:part:501, ME Dense Covered Cable - Orange
appliedenergistics2:part:502, ME Dense Covered Cable - Magenta
appliedenergistics2:part:503, ME Dense Covered Cable - Light Blue
appliedenergistics2:part:504, ME Dense Covered Cable - Yellow
appliedenergistics2:part:505, ME Dense Covered Cable - Lime
appliedenergistics2:part:506, ME Dense Covered Cable - Pink
appliedenergistics2:part:507, ME Dense Covered Cable - Gray
appliedenergistics2:part:508, ME Dense Covered Cable - Light Gray
appliedenergistics2:part:509, ME Dense Covered Cable - Cyan
appliedenergistics2:part:510, ME Dense Covered Cable - Purple
appliedenergistics2:part:511, ME Dense Covered Cable - Blue
appliedenergistics2:part:512, ME Dense Covered Cable - Brown
appliedenergistics2:part:513, ME Dense Covered Cable - Green
appliedenergistics2:part:514, ME Dense Covered Cable - Red
appliedenergistics2:part:515, ME Dense Covered Cable - Black
appliedenergistics2:part:516, ME Dense Covered Cable - Fluix
appliedenergistics2:part:60, ME Dense Smart Cable - White
appliedenergistics2:part:61, ME Dense Smart Cable - Orange
appliedenergistics2:part:62, ME Dense Smart Cable - Magenta
appliedenergistics2:part:63, ME Dense Smart Cable - Light Blue
appliedenergistics2:part:64, ME Dense Smart Cable - Yellow
appliedenergistics2:part:65, ME Dense Smart Cable - Lime
appliedenergistics2:part:66, ME Dense Smart Cable - Pink
appliedenergistics2:part:67, ME Dense Smart Cable - Gray
appliedenergistics2:part:68, ME Dense Smart Cable - Light Gray
appliedenergistics2:part:69, ME Dense Smart Cable - Cyan
appliedenergistics2:part:70, ME Dense Smart Cable - Purple
appliedenergistics2:part:71, ME Dense Smart Cable - Blue
appliedenergistics2:part:72, ME Dense Smart Cable - Brown
appliedenergistics2:part:73, ME Dense Smart Cable - Green
appliedenergistics2:part:74, ME Dense Smart Cable - Red
appliedenergistics2:part:75, ME Dense Smart Cable - Black
appliedenergistics2:part:76, ME Dense Smart Cable - Fluix
appliedenergistics2:part:0, ME Glass Cable - White
appliedenergistics2:part:1, ME Glass Cable - Orange
appliedenergistics2:part:2, ME Glass Cable - Magenta
appliedenergistics2:part:3, ME Glass Cable - Light Blue
appliedenergistics2:part:4, ME Glass Cable - Yellow
appliedenergistics2:part:5, ME Glass Cable - Lime
appliedenergistics2:part:6, ME Glass Cable - Pink
appliedenergistics2:part:7, ME Glass Cable - Gray
appliedenergistics2:part:8, ME Glass Cable - Light Gray
appliedenergistics2:part:9, ME Glass Cable - Cyan
appliedenergistics2:part:10, ME Glass Cable - Purple
appliedenergistics2:part:11, ME Glass Cable - Blue
appliedenergistics2:part:12, ME Glass Cable - Brown
appliedenergistics2:part:13, ME Glass Cable - Green
appliedenergistics2:part:14, ME Glass Cable - Red
appliedenergistics2:part:15, ME Glass Cable - Black
appliedenergistics2:part:16, ME Glass Cable - Fluix
appliedenergistics2:part:40, ME Smart Cable - White
appliedenergistics2:part:41, ME Smart Cable - Orange
appliedenergistics2:part:42, ME Smart Cable - Magenta
appliedenergistics2:part:43, ME Smart Cable - Light Blue
appliedenergistics2:part:44, ME Smart Cable - Yellow
appliedenergistics2:part:45, ME Smart Cable - Lime
appliedenergistics2:part:46, ME Smart Cable - Pink
appliedenergistics2:part:47, ME Smart Cable - Gray
appliedenergistics2:part:48, ME Smart Cable - Light Gray
appliedenergistics2:part:49, ME Smart Cable - Cyan
appliedenergistics2:part:50, ME Smart Cable - Purple
appliedenergistics2:part:51, ME Smart Cable - Blue
appliedenergistics2:part:52, ME Smart Cable - Brown
appliedenergistics2:part:53, ME Smart Cable - Green
appliedenergistics2:part:54, ME Smart Cable - Red
appliedenergistics2:part:55, ME Smart Cable - Black
appliedenergistics2:part:56, ME Smart Cable - Fluix
appliedenergistics2:part:420, ME Conversion Monitor
appliedenergistics2:part:360, ME Crafting Terminal
appliedenergistics2:part:200, Dark Illuminated Panel
appliedenergistics2:part:260, ME Export Bus
appliedenergistics2:part:302, ME Fluid Annihilation Plane
appliedenergistics2:part:261, ME Fluid Export Bus
appliedenergistics2:part:321, ME Fluid Formation Plane
appliedenergistics2:part:241, ME Fluid Import Bus
appliedenergistics2:part:441, ME Fluid Interface
appliedenergistics2:part:281, ME Fluid Level Emitter
appliedenergistics2:part:221, ME Fluid Storage Bus
appliedenergistics2:part:520, ME Fluid Terminal
appliedenergistics2:part:320, ME Formation Plane
appliedenergistics2:part:301, ME Identity Annihilation Plane
appliedenergistics2:part:240, ME Import Bus
appliedenergistics2:part:440, ME Interface
appliedenergistics2:part:480, ME Interface Terminal
appliedenergistics2:part:100, ME Inverted Toggle Bus
appliedenergistics2:part:280, ME Level Emitter
appliedenergistics2:part:160, Bright Illuminated Panel
appliedenergistics2:part:469, P2P Tunnel - FE
appliedenergistics2:part:463, P2P Tunnel - Fluid
appliedenergistics2:part:465, P2P Tunnel - EU
appliedenergistics2:part:462, P2P Tunnel - Item
appliedenergistics2:part:467, P2P Tunnel - Light
appliedenergistics2:part:460, P2P Tunnel - ME
appliedenergistics2:part:461, P2P Tunnel - Redstone
appliedenergistics2:part:340, ME Pattern Terminal
appliedenergistics2:part:140, Quartz Fiber
appliedenergistics2:part:180, Illuminated Panel
appliedenergistics2:part:220, ME Storage Bus
appliedenergistics2:part:400, ME Storage Monitor
appliedenergistics2:part:380, ME Terminal
appliedenergistics2:part:80, ME Toggle Bus
buildcraftlib:guide, BuildCraft Guide Book
buildcraftlib:guide_note, BuildCraft Guide Book Note
buildcraftlib:debugger, Debugger
ironchest:iron_gold_chest_upgrade, Iron to Gold Chest Upgrade
ironchest:gold_diamond_chest_upgrade, Gold to Diamond Chest Upgrade
ironchest:copper_silver_chest_upgrade, Copper to Silver Chest Upgrade
ironchest:silver_gold_chest_upgrade, Silver to Gold Chest Upgrade
ironchest:copper_iron_chest_upgrade, Copper to Iron Chest Upgrade
ironchest:diamond_crystal_chest_upgrade, Diamond to Crystal Chest Upgrade
ironchest:wood_iron_chest_upgrade, Wood to Iron Chest Upgrade
ironchest:wood_copper_chest_upgrade, Wood to Copper Chest Upgrade
ironchest:diamond_obsidian_chest_upgrade, Diamond to Obsidian Chest Upgrade
ironchest:iron_gold_shulker_upgrade, Iron to Gold Shulker Box Upgrade
ironchest:gold_diamond_shulker_upgrade, Gold to Diamond Shulker Box Upgrade
ironchest:copper_silver_shulker_upgrade, Copper to Silver Shulker Box Upgrade
ironchest:silver_gold_shulker_upgrade, Silver to Gold Shulker Box Upgrade
ironchest:copper_iron_shulker_upgrade, Copper to Iron Shulker Box Upgrade
ironchest:diamond_crystal_shulker_upgrade, Diamond to Crystal Shulker Box Upgrade
ironchest:vanilla_iron_shulker_upgrade, Vanilla to Iron Shulker Box Upgrade
ironchest:vanilla_copper_shulker_upgrade, Vanilla to Copper Shulker Box Upgrade
ironchest:diamond_obsidian_shulker_upgrade, Diamond to Obsidian Shulker Box Upgrade
ironchest:iron_chest:0, Iron Chest
ironchest:iron_chest:1, Gold Chest
ironchest:iron_chest:2, Diamond Chest
ironchest:iron_chest:3, Copper Chest
ironchest:iron_chest:4, Silver Chest
ironchest:iron_chest:5, Crystal Chest
ironchest:iron_chest:6, Obsidian Chest
ironchest:iron_chest:7, DirtChest 9000!
ironchest:iron_shulker_box_white:0, White Iron Shulker Box
ironchest:iron_shulker_box_white:1, White Gold Shulker Box
ironchest:iron_shulker_box_white:2, White Diamond Shulker Box
ironchest:iron_shulker_box_white:3, White Copper Shulker Box
ironchest:iron_shulker_box_white:4, White Silver Shulker Box
ironchest:iron_shulker_box_white:5, White Crystal Shulker Box
ironchest:iron_shulker_box_white:6, White Obsidian Shulker Box
ironchest:iron_shulker_box_orange:0, Orange Iron Shulker Box
ironchest:iron_shulker_box_orange:1, Orange Gold Shulker Box
ironchest:iron_shulker_box_orange:2, Orange Diamond Shulker Box
ironchest:iron_shulker_box_orange:3, Orange Copper Shulker Box
ironchest:iron_shulker_box_orange:4, Orange Silver Shulker Box
ironchest:iron_shulker_box_orange:5, Orange Crystal Shulker Box
ironchest:iron_shulker_box_orange:6, Orange Obsidian Shulker Box
ironchest:iron_shulker_box_magenta:0, Magenta Iron Shulker Box
ironchest:iron_shulker_box_magenta:1, Magenta Gold Shulker Box
ironchest:iron_shulker_box_magenta:2, Magenta Diamond Shulker Box
ironchest:iron_shulker_box_magenta:3, Magenta Copper Shulker Box
ironchest:iron_shulker_box_magenta:4, Magenta Silver Shulker Box
ironchest:iron_shulker_box_magenta:5, Magenta Crystal Shulker Box
ironchest:iron_shulker_box_magenta:6, Magenta Obsidian Shulker Box
ironchest:iron_shulker_box_light_blue:0, Light Blue Iron Shulker Box
ironchest:iron_shulker_box_light_blue:1, Light Blue Gold Shulker Box
ironchest:iron_shulker_box_light_blue:2, Light Blue Diamond Shulker Box
ironchest:iron_shulker_box_light_blue:3, Light Blue Copper Shulker Box
ironchest:iron_shulker_box_light_blue:4, Light Blue Silver Shulker Box
ironchest:iron_shulker_box_light_blue:5, Light Blue Crystal Shulker Box
ironchest:iron_shulker_box_light_blue:6, Light Blue Obsidian Shulker Box
ironchest:iron_shulker_box_yellow:0, Yellow Iron Shulker Box
ironchest:iron_shulker_box_yellow:1, Yellow Gold Shulker Box
ironchest:iron_shulker_box_yellow:2, Yellow Diamond Shulker Box
ironchest:iron_shulker_box_yellow:3, Yellow Copper Shulker Box
ironchest:iron_shulker_box_yellow:4, Yellow Silver Shulker Box
ironchest:iron_shulker_box_yellow:5, Yellow Crystal Shulker Box
ironchest:iron_shulker_box_yellow:6, Yellow Obsidian Shulker Box
ironchest:iron_shulker_box_lime:0, Lime Iron Shulker Box
ironchest:iron_shulker_box_lime:1, Lime Gold Shulker Box
ironchest:iron_shulker_box_lime:2, Lime Diamond Shulker Box
ironchest:iron_shulker_box_lime:3, Lime Copper Shulker Box
ironchest:iron_shulker_box_lime:4, Lime Silver Shulker Box
ironchest:iron_shulker_box_lime:5, Lime Crystal Shulker Box
ironchest:iron_shulker_box_lime:6, Lime Obsidian Shulker Box
ironchest:iron_shulker_box_pink:0, Pink Iron Shulker Box
ironchest:iron_shulker_box_pink:1, Pink Gold Shulker Box
ironchest:iron_shulker_box_pink:2, Pink Diamond Shulker Box
ironchest:iron_shulker_box_pink:3, Pink Copper Shulker Box
ironchest:iron_shulker_box_pink:4, Pink Silver Shulker Box
ironchest:iron_shulker_box_pink:5, Pink Crystal Shulker Box
ironchest:iron_shulker_box_pink:6, Pink Obsidian Shulker Box
ironchest:iron_shulker_box_gray:0, Gray Iron Shulker Box
ironchest:iron_shulker_box_gray:1, Gray Gold Shulker Box
ironchest:iron_shulker_box_gray:2, Gray Diamond Shulker Box
ironchest:iron_shulker_box_gray:3, Gray Copper Shulker Box
ironchest:iron_shulker_box_gray:4, Gray Silver Shulker Box
ironchest:iron_shulker_box_gray:5, Gray Crystal Shulker Box
ironchest:iron_shulker_box_gray:6, Gray Obsidian Shulker Box
ironchest:iron_shulker_box_silver:0, Light Gray Iron Shulker Box
ironchest:iron_shulker_box_silver:1, Light Gray Gold Shulker Box
ironchest:iron_shulker_box_silver:2, Light Gray Diamond Shulker Box
ironchest:iron_shulker_box_silver:3, Light Gray Copper Shulker Box
ironchest:iron_shulker_box_silver:4, Light Gray Silver Shulker Box
ironchest:iron_shulker_box_silver:5, Light Gray Crystal Shulker Box
ironchest:iron_shulker_box_silver:6, Light Gray Obsidian Shulker Box
ironchest:iron_shulker_box_cyan:0, Cyan Iron Shulker Box
ironchest:iron_shulker_box_cyan:1, Cyan Gold Shulker Box
ironchest:iron_shulker_box_cyan:2, Cyan Diamond Shulker Box
ironchest:iron_shulker_box_cyan:3, Cyan Copper Shulker Box
ironchest:iron_shulker_box_cyan:4, Cyan Silver Shulker Box
ironchest:iron_shulker_box_cyan:5, Cyan Crystal Shulker Box
ironchest:iron_shulker_box_cyan:6, Cyan Obsidian Shulker Box
ironchest:iron_shulker_box_purple:0, Purple Iron Shulker Box
ironchest:iron_shulker_box_purple:1, Purple Gold Shulker Box
ironchest:iron_shulker_box_purple:2, Purple Diamond Shulker Box
ironchest:iron_shulker_box_purple:3, Purple Copper Shulker Box
ironchest:iron_shulker_box_purple:4, Purple Silver Shulker Box
ironchest:iron_shulker_box_purple:5, Purple Crystal Shulker Box
ironchest:iron_shulker_box_purple:6, Purple Obsidian Shulker Box
ironchest:iron_shulker_box_blue:0, Blue Iron Shulker Box
ironchest:iron_shulker_box_blue:1, Blue Gold Shulker Box
ironchest:iron_shulker_box_blue:2, Blue Diamond Shulker Box
ironchest:iron_shulker_box_blue:3, Blue Copper Shulker Box
ironchest:iron_shulker_box_blue:4, Blue Silver Shulker Box
ironchest:iron_shulker_box_blue:5, Blue Crystal Shulker Box
ironchest:iron_shulker_box_blue:6, Blue Obsidian Shulker Box
ironchest:iron_shulker_box_brown:0, Brown Iron Shulker Box
ironchest:iron_shulker_box_brown:1, Brown Gold Shulker Box
ironchest:iron_shulker_box_brown:2, Brown Diamond Shulker Box
ironchest:iron_shulker_box_brown:3, Brown Copper Shulker Box
ironchest:iron_shulker_box_brown:4, Brown Silver Shulker Box
ironchest:iron_shulker_box_brown:5, Brown Crystal Shulker Box
ironchest:iron_shulker_box_brown:6, Brown Obsidian Shulker Box
ironchest:iron_shulker_box_green:0, Green Iron Shulker Box
ironchest:iron_shulker_box_green:1, Green Gold Shulker Box
ironchest:iron_shulker_box_green:2, Green Diamond Shulker Box
ironchest:iron_shulker_box_green:3, Green Copper Shulker Box
ironchest:iron_shulker_box_green:4, Green Silver Shulker Box
ironchest:iron_shulker_box_green:5, Green Crystal Shulker Box
ironchest:iron_shulker_box_green:6, Green Obsidian Shulker Box
ironchest:iron_shulker_box_red:0, Red Iron Shulker Box
ironchest:iron_shulker_box_red:1, Red Gold Shulker Box
ironchest:iron_shulker_box_red:2, Red Diamond Shulker Box
ironchest:iron_shulker_box_red:3, Red Copper Shulker Box
ironchest:iron_shulker_box_red:4, Red Silver Shulker Box
ironchest:iron_shulker_box_red:5, Red Crystal Shulker Box
ironchest:iron_shulker_box_red:6, Red Obsidian Shulker Box
ironchest:iron_shulker_box_black:0, Black Iron Shulker Box
ironchest:iron_shulker_box_black:1, Black Gold Shulker Box
ironchest:iron_shulker_box_black:2, Black Diamond Shulker Box
ironchest:iron_shulker_box_black:3, Black Copper Shulker Box
ironchest:iron_shulker_box_black:4, Black Silver Shulker Box
ironchest:iron_shulker_box_black:5, Black Crystal Shulker Box
ironchest:iron_shulker_box_black:6, Black Obsidian Shulker Box
tconstruct:book, Materials and You
tconstruct:soil:0, Grout
tconstruct:soil:1, Green Slimy Mud
tconstruct:soil:2, Blue Slimy Mud
tconstruct:soil:3, Graveyard Soil
tconstruct:soil:4, Consecrated Soil
tconstruct:soil:5, Slimy Magma Mud
tconstruct:slime:1, Slime Block
tconstruct:slime:2, Slime Block
tconstruct:slime:3, Blood Slime Block
tconstruct:slime:4, Slime Block
tconstruct:slime_congealed:0, Congealed Slime Block
tconstruct:slime_congealed:1, Congealed Slime Block
tconstruct:slime_congealed:2, Congealed Slime Block
tconstruct:slime_congealed:3, Congealed Bloodblock
tconstruct:slime_congealed:4, Congealed Slime Block
tconstruct:ore:0, Cobalt Ore
tconstruct:ore:1, Ardite Ore
tconstruct:firewood:0, Lavawood
tconstruct:firewood:1, Firewood
tconstruct:deco_ground:0, Mud Bricks
tconstruct:clear_glass:0, Clear Glass
tconstruct:clear_stained_glass:0, Clear White Stained Glass
tconstruct:clear_stained_glass:1, Clear Orange Stained Glass
tconstruct:clear_stained_glass:2, Clear Magenta Stained Glass
tconstruct:clear_stained_glass:3, Clear Light Blue Stained Glass
tconstruct:clear_stained_glass:4, Clear Yellow Stained Glass
tconstruct:clear_stained_glass:5, Clear Light Green Stained Glass
tconstruct:clear_stained_glass:6, Clear Pink Stained Glass
tconstruct:clear_stained_glass:7, Clear Gray Stained Glass
tconstruct:clear_stained_glass:8, Clear Light Gray Stained Glass
tconstruct:clear_stained_glass:9, Clear Cyan Stained Glass
tconstruct:clear_stained_glass:10, Clear Purple Stained Glass
tconstruct:clear_stained_glass:11, Clear Blue Stained Glass
tconstruct:clear_stained_glass:12, Clear Brown Stained Glass
tconstruct:clear_stained_glass:13, Clear Green Stained Glass
tconstruct:clear_stained_glass:14, Clear Red Stained Glass
tconstruct:clear_stained_glass:15, Clear Black Stained Glass
tconstruct:deco_ground_slab:0, Mud Bricks Slab
tconstruct:firewood_slab:0, Lavawood Slab
tconstruct:firewood_slab:1, Firewood Slab
tconstruct:mudbrick_stairs:0, Mud Bricks Stairs
tconstruct:firewood_stairs:0, Firewood Stairs
tconstruct:lavawood_stairs:0, Lavawood Stairs
tconstruct:nuggets:0, Cobalt Nugget
tconstruct:nuggets:1, Ardite Nugget
tconstruct:nuggets:2, Manyullyn Nugget
tconstruct:nuggets:3, Knightslime Nugget
tconstruct:nuggets:4, Pigiron Nugget
tconstruct:ingots:0, Cobalt Ingot
tconstruct:ingots:1, Ardite Ingot
tconstruct:ingots:2, Manyullyn Ingot
tconstruct:ingots:3, Knightslime Ingot
tconstruct:ingots:4, Pigiron Ingot
tconstruct:materials:0, Seared Brick
tconstruct:materials:1, Mud Brick
tconstruct:materials:2, Dried Brick
tconstruct:materials:9, Green Slime Crystal
tconstruct:materials:10, Blue Slime Crystal
tconstruct:materials:11, Magma Slime Crystal
tconstruct:materials:12, Expander (Horizontal)
tconstruct:materials:13, Expander (Vertical)
tconstruct:materials:14, Reinforcement
tconstruct:materials:15, Silky Cloth
tconstruct:materials:16, Silky Jewel
tconstruct:materials:17, Necrotic Bone
tconstruct:materials:18, Ball of Moss
tconstruct:materials:19, Mending Moss
tconstruct:materials:50, Creative Modifier
tconstruct:edible:0, Bacon
tconstruct:edible:1, Slimeball
tconstruct:edible:2, Slimeball
tconstruct:edible:3, Coagulated Blood
tconstruct:edible:4, Slimeball
tconstruct:edible:5, Slimeball
tconstruct:edible:10, Monster Jerky
tconstruct:edible:11, Beef Jerky
tconstruct:edible:12, Chicken Jerky
tconstruct:edible:13, Bacon Jerky
tconstruct:edible:14, Mutton Jerky
tconstruct:edible:15, Rabbit Jerky
tconstruct:edible:20, Fish Jerky
tconstruct:edible:21, Salmon Jerky
tconstruct:edible:22, Clownfish Jerky
tconstruct:edible:23, Fugu Jerky
tconstruct:edible:30, Gelatinous Slime Drop
tconstruct:edible:31, Gelatinous Slime Drop
tconstruct:edible:32, Gelatinous Slime Drop
tconstruct:edible:33, Coagulated Blood Drop
tconstruct:edible:34, Gelatinous Slime Drop
tconstruct:metal:0, Block of Cobalt
tconstruct:metal:1, Block of Ardite
tconstruct:metal:2, Block of Manyullyn
tconstruct:metal:3, Block of Knightslime
tconstruct:metal:4, Block of Pigiron
tconstruct:metal:6, Silky Block of Jewel
tconstruct:slime_dirt:0, Green Slimy Dirt
tconstruct:slime_dirt:1, Blue Slimy Dirt
tconstruct:slime_dirt:2, Purple Slimy Dirt
tconstruct:slime_dirt:3, Magma Slimy Dirt
tconstruct:slime_grass:0, Slimy Grass
tconstruct:slime_grass:1, Green Slimy Grass
tconstruct:slime_grass:2, Blue Slimy Grass
tconstruct:slime_grass:3, Purple Slimy Grass
tconstruct:slime_grass:4, Magma Slimy Grass
tconstruct:slime_grass:5, Slimy Grass
tconstruct:slime_grass:6, Green Slimy Grass
tconstruct:slime_grass:7, Blue Slimy Grass
tconstruct:slime_grass:8, Purple Slimy Grass
tconstruct:slime_grass:9, Magma Slimy Grass
tconstruct:slime_grass:10, Slimy Grass
tconstruct:slime_grass:11, Green Slimy Grass
tconstruct:slime_grass:12, Blue Slimy Grass
tconstruct:slime_grass:13, Purple Slimy Grass
tconstruct:slime_grass:14, Magma Slimy Grass
tconstruct:slime_leaves:0, Slimy Leaves
tconstruct:slime_leaves:1, Slimy Leaves
tconstruct:slime_leaves:2, Slimy Leaves
tconstruct:slime_grass_tall:0, Tall Slimy Grass
tconstruct:slime_grass_tall:4, Tall Slimy Grass
tconstruct:slime_grass_tall:8, Tall Slimy Grass
tconstruct:slime_grass_tall:1, Slimy Fern
tconstruct:slime_grass_tall:5, Slimy Fern
tconstruct:slime_grass_tall:9, Slimy Fern
tconstruct:slime_sapling:0, Blue Slime Sapling
tconstruct:slime_sapling:1, Purple Slime Sapling
tconstruct:slime_sapling:2, Magma Slime Sapling
tconstruct:slime_vine_blue_end:0, Blue Slimy Vine
tconstruct:slime_vine_blue_mid:0, Blue Slimy Vine
tconstruct:slime_vine_blue:0, Blue Slimy Vine
tconstruct:slime_vine_purple_end:0, Purple Slimy Vine
tconstruct:slime_vine_purple_mid:0, Purple Slimy Vine
tconstruct:slime_vine_purple:0, Purple Slimy Vine
tconstruct:pattern:0, Blank Pattern
tconstruct:pattern:0, Pan Pattern
tconstruct:pattern:0, Broad Axe Head Pattern
tconstruct:pattern:0, Fletching Pattern
tconstruct:pattern:0, Excavator Head Pattern
tconstruct:pattern:0, Large Sword Blade Pattern
tconstruct:pattern:0, Axe Head Pattern
tconstruct:pattern:0, Sharpening Kit Pattern
tconstruct:pattern:0, Pickaxe Head Pattern
tconstruct:pattern:0, Tough Tool Rod Pattern
tconstruct:pattern:0, Hand Guard Pattern
tconstruct:pattern:0, Tool Rod Pattern
tconstruct:pattern:0, Shard Pattern
tconstruct:pattern:0, Arrow Shaft Pattern
tconstruct:pattern:0, Scythe Head Pattern
tconstruct:pattern:0, Knife Blade Pattern
tconstruct:pattern:0, Kama Head Pattern
tconstruct:pattern:0, Bowlimb Pattern
tconstruct:pattern:0, Hammer Head Pattern
tconstruct:pattern:0, Cross Guard Pattern
tconstruct:pattern:0, Sword Blade Pattern
tconstruct:pattern:0, Wide Guard Pattern
tconstruct:pattern:0, Sign Plate Pattern
tconstruct:pattern:0, Tough Binding Pattern
tconstruct:pattern:0, Binding Pattern
tconstruct:pattern:0, Arrow Head Pattern
tconstruct:pattern:0, Bowstring Pattern
tconstruct:pattern:0, Large Plate Pattern
tconstruct:pattern:0, Shovel Head Pattern
tconstruct:shard:0, Wooden Shard
tconstruct:shard:0, Stone Shard
tconstruct:shard:0, Flint Shard
tconstruct:shard:0, Cactus Shard
tconstruct:shard:0, Bone Shard
tconstruct:shard:0, Obsidian Shard
tconstruct:shard:0, Prismarine Shard
tconstruct:shard:0, End Shard
tconstruct:shard:0, Paper Shard
tconstruct:shard:0, Sponge Shard
tconstruct:shard:0, Firewood Shard
tconstruct:shard:0, Iron Shard
tconstruct:shard:0, Pig Iron Shard
tconstruct:shard:0, Knightslime Shard
tconstruct:shard:0, Slime Shard
tconstruct:shard:0, Slime Shard
tconstruct:shard:0, Magma Slime Shard
tconstruct:shard:0, Netherrack Shard
tconstruct:shard:0, Cobalt Shard
tconstruct:shard:0, Ardite Shard
tconstruct:shard:0, Manyullyn Shard
tconstruct:shard:0, Copper Shard
tconstruct:shard:0, Bronze Shard
tconstruct:shard:0, Lead Shard
tconstruct:shard:0, Silver Shard
tconstruct:shard:0, Electrum Shard
tconstruct:shard:0, Steel Shard
tconstruct:sharpening_kit:0, Wooden Sharpening Kit
tconstruct:sharpening_kit:0, Stone Sharpening Kit
tconstruct:sharpening_kit:0, Flint Sharpening Kit
tconstruct:sharpening_kit:0, Cactus Sharpening Kit
tconstruct:sharpening_kit:0, Bone Sharpening Kit
tconstruct:sharpening_kit:0, Obsidian Sharpening Kit
tconstruct:sharpening_kit:0, Prismarine Sharpening Kit
tconstruct:sharpening_kit:0, End Sharpening Kit
tconstruct:sharpening_kit:0, Paper Sharpening Kit
tconstruct:sharpening_kit:0, Sponge Sharpening Kit
tconstruct:sharpening_kit:0, Firewood Sharpening Kit
tconstruct:sharpening_kit:0, Iron Sharpening Kit
tconstruct:sharpening_kit:0, Pig Iron Sharpening Kit
tconstruct:sharpening_kit:0, Knightslime Sharpening Kit
tconstruct:sharpening_kit:0, Slime Sharpening Kit
tconstruct:sharpening_kit:0, Slime Sharpening Kit
tconstruct:sharpening_kit:0, Magma Slime Sharpening Kit
tconstruct:sharpening_kit:0, Netherrack Sharpening Kit
tconstruct:sharpening_kit:0, Cobalt Sharpening Kit
tconstruct:sharpening_kit:0, Ardite Sharpening Kit
tconstruct:sharpening_kit:0, Manyullyn Sharpening Kit
tconstruct:sharpening_kit:0, Copper Sharpening Kit
tconstruct:sharpening_kit:0, Bronze Sharpening Kit
tconstruct:sharpening_kit:0, Lead Sharpening Kit
tconstruct:sharpening_kit:0, Silver Sharpening Kit
tconstruct:sharpening_kit:0, Electrum Sharpening Kit
tconstruct:sharpening_kit:0, Steel Sharpening Kit
tconstruct:pick_head:0, Wooden Pickaxe Head
tconstruct:pick_head:0, Stone Pickaxe Head
tconstruct:pick_head:0, Flint Pickaxe Head
tconstruct:pick_head:0, Cactus Pickaxe Head
tconstruct:pick_head:0, Bone Pickaxe Head
tconstruct:pick_head:0, Obsidian Pickaxe Head
tconstruct:pick_head:0, Prismarine Pickaxe Head
tconstruct:pick_head:0, End Pickaxe Head
tconstruct:pick_head:0, Paper Pickaxe Head
tconstruct:pick_head:0, Sponge Pickaxe Head
tconstruct:pick_head:0, Firewood Pickaxe Head
tconstruct:pick_head:0, Iron Pickaxe Head
tconstruct:pick_head:0, Pig Iron Pickaxe Head
tconstruct:pick_head:0, Knightslime Pickaxe Head
tconstruct:pick_head:0, Slime Pickaxe Head
tconstruct:pick_head:0, Slime Pickaxe Head
tconstruct:pick_head:0, Magma Slime Pickaxe Head
tconstruct:pick_head:0, Netherrack Pickaxe Head
tconstruct:pick_head:0, Cobalt Pickaxe Head
tconstruct:pick_head:0, Ardite Pickaxe Head
tconstruct:pick_head:0, Manyullyn Pickaxe Head
tconstruct:pick_head:0, Copper Pickaxe Head
tconstruct:pick_head:0, Bronze Pickaxe Head
tconstruct:pick_head:0, Lead Pickaxe Head
tconstruct:pick_head:0, Silver Pickaxe Head
tconstruct:pick_head:0, Electrum Pickaxe Head
tconstruct:pick_head:0, Steel Pickaxe Head
tconstruct:shovel_head:0, Wooden Shovel Head
tconstruct:shovel_head:0, Stone Shovel Head
tconstruct:shovel_head:0, Flint Shovel Head
tconstruct:shovel_head:0, Cactus Shovel Head
tconstruct:shovel_head:0, Bone Shovel Head
tconstruct:shovel_head:0, Obsidian Shovel Head
tconstruct:shovel_head:0, Prismarine Shovel Head
tconstruct:shovel_head:0, End Shovel Head
tconstruct:shovel_head:0, Paper Shovel Head
tconstruct:shovel_head:0, Sponge Shovel Head
tconstruct:shovel_head:0, Firewood Shovel Head
tconstruct:shovel_head:0, Iron Shovel Head
tconstruct:shovel_head:0, Pig Iron Shovel Head
tconstruct:shovel_head:0, Knightslime Shovel Head
tconstruct:shovel_head:0, Slime Shovel Head
tconstruct:shovel_head:0, Slime Shovel Head
tconstruct:shovel_head:0, Magma Slime Shovel Head
tconstruct:shovel_head:0, Netherrack Shovel Head
tconstruct:shovel_head:0, Cobalt Shovel Head
tconstruct:shovel_head:0, Ardite Shovel Head
tconstruct:shovel_head:0, Manyullyn Shovel Head
tconstruct:shovel_head:0, Copper Shovel Head
tconstruct:shovel_head:0, Bronze Shovel Head
tconstruct:shovel_head:0, Lead Shovel Head
tconstruct:shovel_head:0, Silver Shovel Head
tconstruct:shovel_head:0, Electrum Shovel Head
tconstruct:shovel_head:0, Steel Shovel Head
tconstruct:axe_head:0, Wooden Axe Head
tconstruct:axe_head:0, Stone Axe Head
tconstruct:axe_head:0, Flint Axe Head
tconstruct:axe_head:0, Cactus Axe Head
tconstruct:axe_head:0, Bone Axe Head
tconstruct:axe_head:0, Obsidian Axe Head
tconstruct:axe_head:0, Prismarine Axe Head
tconstruct:axe_head:0, End Axe Head
tconstruct:axe_head:0, Paper Axe Head
tconstruct:axe_head:0, Sponge Axe Head
tconstruct:axe_head:0, Firewood Axe Head
tconstruct:axe_head:0, Iron Axe Head
tconstruct:axe_head:0, Pig Iron Axe Head
tconstruct:axe_head:0, Knightslime Axe Head
tconstruct:axe_head:0, Slime Axe Head
tconstruct:axe_head:0, Slime Axe Head
tconstruct:axe_head:0, Magma Slime Axe Head
tconstruct:axe_head:0, Netherrack Axe Head
tconstruct:axe_head:0, Cobalt Axe Head
tconstruct:axe_head:0, Ardite Axe Head
tconstruct:axe_head:0, Manyullyn Axe Head
tconstruct:axe_head:0, Copper Axe Head
tconstruct:axe_head:0, Bronze Axe Head
tconstruct:axe_head:0, Lead Axe Head
tconstruct:axe_head:0, Silver Axe Head
tconstruct:axe_head:0, Electrum Axe Head
tconstruct:axe_head:0, Steel Axe Head
tconstruct:broad_axe_head:0, Wooden Broad Axe Head
tconstruct:broad_axe_head:0, Stone Broad Axe Head
tconstruct:broad_axe_head:0, Flint Broad Axe Head
tconstruct:broad_axe_head:0, Cactus Broad Axe Head
tconstruct:broad_axe_head:0, Bone Broad Axe Head
tconstruct:broad_axe_head:0, Obsidian Broad Axe Head
tconstruct:broad_axe_head:0, Prismarine Broad Axe Head
tconstruct:broad_axe_head:0, End Broad Axe Head
tconstruct:broad_axe_head:0, Paper Broad Axe Head
tconstruct:broad_axe_head:0, Sponge Broad Axe Head
tconstruct:broad_axe_head:0, Firewood Broad Axe Head
tconstruct:broad_axe_head:0, Iron Broad Axe Head
tconstruct:broad_axe_head:0, Pig Iron Broad Axe Head
tconstruct:broad_axe_head:0, Knightslime Broad Axe Head
tconstruct:broad_axe_head:0, Slime Broad Axe Head
tconstruct:broad_axe_head:0, Slime Broad Axe Head
tconstruct:broad_axe_head:0, Magma Slime Broad Axe Head
tconstruct:broad_axe_head:0, Netherrack Broad Axe Head
tconstruct:broad_axe_head:0, Cobalt Broad Axe Head
tconstruct:broad_axe_head:0, Ardite Broad Axe Head
tconstruct:broad_axe_head:0, Manyullyn Broad Axe Head
tconstruct:broad_axe_head:0, Copper Broad Axe Head
tconstruct:broad_axe_head:0, Bronze Broad Axe Head
tconstruct:broad_axe_head:0, Lead Broad Axe Head
tconstruct:broad_axe_head:0, Silver Broad Axe Head
tconstruct:broad_axe_head:0, Electrum Broad Axe Head
tconstruct:broad_axe_head:0, Steel Broad Axe Head
tconstruct:sword_blade:0, Wooden Sword Blade
tconstruct:sword_blade:0, Stone Sword Blade
tconstruct:sword_blade:0, Flint Sword Blade
tconstruct:sword_blade:0, Cactus Sword Blade
tconstruct:sword_blade:0, Bone Sword Blade
tconstruct:sword_blade:0, Obsidian Sword Blade
tconstruct:sword_blade:0, Prismarine Sword Blade
tconstruct:sword_blade:0, End Sword Blade
tconstruct:sword_blade:0, Paper Sword Blade
tconstruct:sword_blade:0, Sponge Sword Blade
tconstruct:sword_blade:0, Firewood Sword Blade
tconstruct:sword_blade:0, Iron Sword Blade
tconstruct:sword_blade:0, Pig Iron Sword Blade
tconstruct:sword_blade:0, Knightslime Sword Blade
tconstruct:sword_blade:0, Slime Sword Blade
tconstruct:sword_blade:0, Slime Sword Blade
tconstruct:sword_blade:0, Magma Slime Sword Blade
tconstruct:sword_blade:0, Netherrack Sword Blade
tconstruct:sword_blade:0, Cobalt Sword Blade
tconstruct:sword_blade:0, Ardite Sword Blade
tconstruct:sword_blade:0, Manyullyn Sword Blade
tconstruct:sword_blade:0, Copper Sword Blade
tconstruct:sword_blade:0, Bronze Sword Blade
tconstruct:sword_blade:0, Lead Sword Blade
tconstruct:sword_blade:0, Silver Sword Blade
tconstruct:sword_blade:0, Electrum Sword Blade
tconstruct:sword_blade:0, Steel Sword Blade
tconstruct:large_sword_blade:0, Wooden Large Sword Blade
tconstruct:large_sword_blade:0, Stone Large Sword Blade
tconstruct:large_sword_blade:0, Flint Large Sword Blade
tconstruct:large_sword_blade:0, Cactus Large Sword Blade
tconstruct:large_sword_blade:0, Bone Large Sword Blade
tconstruct:large_sword_blade:0, Obsidian Large Sword Blade
tconstruct:large_sword_blade:0, Prismarine Large Sword Blade
tconstruct:large_sword_blade:0, End Large Sword Blade
tconstruct:large_sword_blade:0, Paper Large Sword Blade
tconstruct:large_sword_blade:0, Sponge Large Sword Blade
tconstruct:large_sword_blade:0, Firewood Large Sword Blade
tconstruct:large_sword_blade:0, Iron Large Sword Blade
tconstruct:large_sword_blade:0, Pig Iron Large Sword Blade
tconstruct:large_sword_blade:0, Knightslime Large Sword Blade
tconstruct:large_sword_blade:0, Slime Large Sword Blade
tconstruct:large_sword_blade:0, Slime Large Sword Blade
tconstruct:large_sword_blade:0, Magma Slime Large Sword Blade
tconstruct:large_sword_blade:0, Netherrack Large Sword Blade
tconstruct:large_sword_blade:0, Cobalt Large Sword Blade
tconstruct:large_sword_blade:0, Ardite Large Sword Blade
tconstruct:large_sword_blade:0, Manyullyn Large Sword Blade
tconstruct:large_sword_blade:0, Copper Large Sword Blade
tconstruct:large_sword_blade:0, Bronze Large Sword Blade
tconstruct:large_sword_blade:0, Lead Large Sword Blade
tconstruct:large_sword_blade:0, Silver Large Sword Blade
tconstruct:large_sword_blade:0, Electrum Large Sword Blade
tconstruct:large_sword_blade:0, Steel Large Sword Blade
tconstruct:hammer_head:0, Wooden Hammer Head
tconstruct:hammer_head:0, Stone Hammer Head
tconstruct:hammer_head:0, Flint Hammer Head
tconstruct:hammer_head:0, Cactus Hammer Head
tconstruct:hammer_head:0, Bone Hammer Head
tconstruct:hammer_head:0, Obsidian Hammer Head
tconstruct:hammer_head:0, Prismarine Hammer Head
tconstruct:hammer_head:0, End Hammer Head
tconstruct:hammer_head:0, Paper Hammer Head
tconstruct:hammer_head:0, Sponge Hammer Head
tconstruct:hammer_head:0, Firewood Hammer Head
tconstruct:hammer_head:0, Iron Hammer Head
tconstruct:hammer_head:0, Pig Iron Hammer Head
tconstruct:hammer_head:0, Knightslime Hammer Head
tconstruct:hammer_head:0, Slime Hammer Head
tconstruct:hammer_head:0, Slime Hammer Head
tconstruct:hammer_head:0, Magma Slime Hammer Head
tconstruct:hammer_head:0, Netherrack Hammer Head
tconstruct:hammer_head:0, Cobalt Hammer Head
tconstruct:hammer_head:0, Ardite Hammer Head
tconstruct:hammer_head:0, Manyullyn Hammer Head
tconstruct:hammer_head:0, Copper Hammer Head
tconstruct:hammer_head:0, Bronze Hammer Head
tconstruct:hammer_head:0, Lead Hammer Head
tconstruct:hammer_head:0, Silver Hammer Head
tconstruct:hammer_head:0, Electrum Hammer Head
tconstruct:hammer_head:0, Steel Hammer Head
tconstruct:excavator_head:0, Wooden Excavator Head
tconstruct:excavator_head:0, Stone Excavator Head
tconstruct:excavator_head:0, Flint Excavator Head
tconstruct:excavator_head:0, Cactus Excavator Head
tconstruct:excavator_head:0, Bone Excavator Head
tconstruct:excavator_head:0, Obsidian Excavator Head
tconstruct:excavator_head:0, Prismarine Excavator Head
tconstruct:excavator_head:0, End Excavator Head
tconstruct:excavator_head:0, Paper Excavator Head
tconstruct:excavator_head:0, Sponge Excavator Head
tconstruct:excavator_head:0, Firewood Excavator Head
tconstruct:excavator_head:0, Iron Excavator Head
tconstruct:excavator_head:0, Pig Iron Excavator Head
tconstruct:excavator_head:0, Knightslime Excavator Head
tconstruct:excavator_head:0, Slime Excavator Head
tconstruct:excavator_head:0, Slime Excavator Head
tconstruct:excavator_head:0, Magma Slime Excavator Head
tconstruct:excavator_head:0, Netherrack Excavator Head
tconstruct:excavator_head:0, Cobalt Excavator Head
tconstruct:excavator_head:0, Ardite Excavator Head
tconstruct:excavator_head:0, Manyullyn Excavator Head
tconstruct:excavator_head:0, Copper Excavator Head
tconstruct:excavator_head:0, Bronze Excavator Head
tconstruct:excavator_head:0, Lead Excavator Head
tconstruct:excavator_head:0, Silver Excavator Head
tconstruct:excavator_head:0, Electrum Excavator Head
tconstruct:excavator_head:0, Steel Excavator Head
tconstruct:kama_head:0, Wooden Kama Head
tconstruct:kama_head:0, Stone Kama Head
tconstruct:kama_head:0, Flint Kama Head
tconstruct:kama_head:0, Cactus Kama Head
tconstruct:kama_head:0, Bone Kama Head
tconstruct:kama_head:0, Obsidian Kama Head
tconstruct:kama_head:0, Prismarine Kama Head
tconstruct:kama_head:0, End Kama Head
tconstruct:kama_head:0, Paper Kama Head
tconstruct:kama_head:0, Sponge Kama Head
tconstruct:kama_head:0, Firewood Kama Head
tconstruct:kama_head:0, Iron Kama Head
tconstruct:kama_head:0, Pig Iron Kama Head
tconstruct:kama_head:0, Knightslime Kama Head
tconstruct:kama_head:0, Slime Kama Head
tconstruct:kama_head:0, Slime Kama Head
tconstruct:kama_head:0, Magma Slime Kama Head
tconstruct:kama_head:0, Netherrack Kama Head
tconstruct:kama_head:0, Cobalt Kama Head
tconstruct:kama_head:0, Ardite Kama Head
tconstruct:kama_head:0, Manyullyn Kama Head
tconstruct:kama_head:0, Copper Kama Head
tconstruct:kama_head:0, Bronze Kama Head
tconstruct:kama_head:0, Lead Kama Head
tconstruct:kama_head:0, Silver Kama Head
tconstruct:kama_head:0, Electrum Kama Head
tconstruct:kama_head:0, Steel Kama Head
tconstruct:scythe_head:0, Wooden Scythe Head
tconstruct:scythe_head:0, Stone Scythe Head
tconstruct:scythe_head:0, Flint Scythe Head
tconstruct:scythe_head:0, Cactus Scythe Head
tconstruct:scythe_head:0, Bone Scythe Head
tconstruct:scythe_head:0, Obsidian Scythe Head
tconstruct:scythe_head:0, Prismarine Scythe Head
tconstruct:scythe_head:0, End Scythe Head
tconstruct:scythe_head:0, Paper Scythe Head
tconstruct:scythe_head:0, Sponge Scythe Head
tconstruct:scythe_head:0, Firewood Scythe Head
tconstruct:scythe_head:0, Iron Scythe Head
tconstruct:scythe_head:0, Pig Iron Scythe Head
tconstruct:scythe_head:0, Knightslime Scythe Head
tconstruct:scythe_head:0, Slime Scythe Head
tconstruct:scythe_head:0, Slime Scythe Head
tconstruct:scythe_head:0, Magma Slime Scythe Head
tconstruct:scythe_head:0, Netherrack Scythe Head
tconstruct:scythe_head:0, Cobalt Scythe Head
tconstruct:scythe_head:0, Ardite Scythe Head
tconstruct:scythe_head:0, Manyullyn Scythe Head
tconstruct:scythe_head:0, Copper Scythe Head
tconstruct:scythe_head:0, Bronze Scythe Head
tconstruct:scythe_head:0, Lead Scythe Head
tconstruct:scythe_head:0, Silver Scythe Head
tconstruct:scythe_head:0, Electrum Scythe Head
tconstruct:scythe_head:0, Steel Scythe Head
tconstruct:pan_head:0, Wooden Pan
tconstruct:pan_head:0, Stone Pan
tconstruct:pan_head:0, Flint Pan
tconstruct:pan_head:0, Cactus Pan
tconstruct:pan_head:0, Bone Pan
tconstruct:pan_head:0, Obsidian Pan
tconstruct:pan_head:0, Prismarine Pan
tconstruct:pan_head:0, End Pan
tconstruct:pan_head:0, Paper Pan
tconstruct:pan_head:0, Sponge Pan
tconstruct:pan_head:0, Firewood Pan
tconstruct:pan_head:0, Iron Pan
tconstruct:pan_head:0, Pig Iron Pan
tconstruct:pan_head:0, Knightslime Pan
tconstruct:pan_head:0, Slime Pan
tconstruct:pan_head:0, Slime Pan
tconstruct:pan_head:0, Magma Slime Pan
tconstruct:pan_head:0, Netherrack Pan
tconstruct:pan_head:0, Cobalt Pan
tconstruct:pan_head:0, Ardite Pan
tconstruct:pan_head:0, Manyullyn Pan
tconstruct:pan_head:0, Copper Pan
tconstruct:pan_head:0, Bronze Pan
tconstruct:pan_head:0, Lead Pan
tconstruct:pan_head:0, Silver Pan
tconstruct:pan_head:0, Electrum Pan
tconstruct:pan_head:0, Steel Pan
tconstruct:sign_head:0, Wooden Sign Plate
tconstruct:sign_head:0, Stone Sign Plate
tconstruct:sign_head:0, Flint Sign Plate
tconstruct:sign_head:0, Cactus Sign Plate
tconstruct:sign_head:0, Bone Sign Plate
tconstruct:sign_head:0, Obsidian Sign Plate
tconstruct:sign_head:0, Prismarine Sign Plate
tconstruct:sign_head:0, End Sign Plate
tconstruct:sign_head:0, Paper Sign Plate
tconstruct:sign_head:0, Sponge Sign Plate
tconstruct:sign_head:0, Firewood Sign Plate
tconstruct:sign_head:0, Iron Sign Plate
tconstruct:sign_head:0, Pig Iron Sign Plate
tconstruct:sign_head:0, Knightslime Sign Plate
tconstruct:sign_head:0, Slime Sign Plate
tconstruct:sign_head:0, Slime Sign Plate
tconstruct:sign_head:0, Magma Slime Sign Plate
tconstruct:sign_head:0, Netherrack Sign Plate
tconstruct:sign_head:0, Cobalt Sign Plate
tconstruct:sign_head:0, Ardite Sign Plate
tconstruct:sign_head:0, Manyullyn Sign Plate
tconstruct:sign_head:0, Copper Sign Plate
tconstruct:sign_head:0, Bronze Sign Plate
tconstruct:sign_head:0, Lead Sign Plate
tconstruct:sign_head:0, Silver Sign Plate
tconstruct:sign_head:0, Electrum Sign Plate
tconstruct:sign_head:0, Steel Sign Plate
tconstruct:tool_rod:0, Wooden Tool Rod
tconstruct:tool_rod:0, Stone Tool Rod
tconstruct:tool_rod:0, Flint Tool Rod
tconstruct:tool_rod:0, Cactus Tool Rod
tconstruct:tool_rod:0, Bone Tool Rod
tconstruct:tool_rod:0, Obsidian Tool Rod
tconstruct:tool_rod:0, Prismarine Tool Rod
tconstruct:tool_rod:0, End Tool Rod
tconstruct:tool_rod:0, Paper Tool Rod
tconstruct:tool_rod:0, Sponge Tool Rod
tconstruct:tool_rod:0, Firewood Tool Rod
tconstruct:tool_rod:0, Iron Tool Rod
tconstruct:tool_rod:0, Pig Iron Tool Rod
tconstruct:tool_rod:0, Knightslime Tool Rod
tconstruct:tool_rod:0, Slime Tool Rod
tconstruct:tool_rod:0, Slime Tool Rod
tconstruct:tool_rod:0, Magma Slime Tool Rod
tconstruct:tool_rod:0, Netherrack Tool Rod
tconstruct:tool_rod:0, Cobalt Tool Rod
tconstruct:tool_rod:0, Ardite Tool Rod
tconstruct:tool_rod:0, Manyullyn Tool Rod
tconstruct:tool_rod:0, Copper Tool Rod
tconstruct:tool_rod:0, Bronze Tool Rod
tconstruct:tool_rod:0, Lead Tool Rod
tconstruct:tool_rod:0, Silver Tool Rod
tconstruct:tool_rod:0, Electrum Tool Rod
tconstruct:tool_rod:0, Steel Tool Rod
tconstruct:tough_tool_rod:0, Wooden Tough Tool Rod
tconstruct:tough_tool_rod:0, Stone Tough Tool Rod
tconstruct:tough_tool_rod:0, Flint Tough Tool Rod
tconstruct:tough_tool_rod:0, Cactus Tough Tool Rod
tconstruct:tough_tool_rod:0, Bone Tough Tool Rod
tconstruct:tough_tool_rod:0, Obsidian Tough Tool Rod
tconstruct:tough_tool_rod:0, Prismarine Tough Tool Rod
tconstruct:tough_tool_rod:0, End Tough Tool Rod
tconstruct:tough_tool_rod:0, Paper Tough Tool Rod
tconstruct:tough_tool_rod:0, Sponge Tough Tool Rod
tconstruct:tough_tool_rod:0, Firewood Tough Tool Rod
tconstruct:tough_tool_rod:0, Iron Tough Tool Rod
tconstruct:tough_tool_rod:0, Pig Iron Tough Tool Rod
tconstruct:tough_tool_rod:0, Knightslime Tough Tool Rod
tconstruct:tough_tool_rod:0, Slime Tough Tool Rod
tconstruct:tough_tool_rod:0, Slime Tough Tool Rod
tconstruct:tough_tool_rod:0, Magma Slime Tough Tool Rod
tconstruct:tough_tool_rod:0, Netherrack Tough Tool Rod
tconstruct:tough_tool_rod:0, Cobalt Tough Tool Rod
tconstruct:tough_tool_rod:0, Ardite Tough Tool Rod
tconstruct:tough_tool_rod:0, Manyullyn Tough Tool Rod
tconstruct:tough_tool_rod:0, Copper Tough Tool Rod
tconstruct:tough_tool_rod:0, Bronze Tough Tool Rod
tconstruct:tough_tool_rod:0, Lead Tough Tool Rod
tconstruct:tough_tool_rod:0, Silver Tough Tool Rod
tconstruct:tough_tool_rod:0, Electrum Tough Tool Rod
tconstruct:tough_tool_rod:0, Steel Tough Tool Rod
tconstruct:binding:0, Wooden Binding
tconstruct:binding:0, Stone Binding
tconstruct:binding:0, Flint Binding
tconstruct:binding:0, Cactus Binding
tconstruct:binding:0, Bone Binding
tconstruct:binding:0, Obsidian Binding
tconstruct:binding:0, Prismarine Binding
tconstruct:binding:0, End Binding
tconstruct:binding:0, Paper Binding
tconstruct:binding:0, Sponge Binding
tconstruct:binding:0, Firewood Binding
tconstruct:binding:0, Iron Binding
tconstruct:binding:0, Pig Iron Binding
tconstruct:binding:0, Knightslime Binding
tconstruct:binding:0, Slime Binding
tconstruct:binding:0, Slime Binding
tconstruct:binding:0, Magma Slime Binding
tconstruct:binding:0, Netherrack Binding
tconstruct:binding:0, Cobalt Binding
tconstruct:binding:0, Ardite Binding
tconstruct:binding:0, Manyullyn Binding
tconstruct:binding:0, Copper Binding
tconstruct:binding:0, Bronze Binding
tconstruct:binding:0, Lead Binding
tconstruct:binding:0, Silver Binding
tconstruct:binding:0, Electrum Binding
tconstruct:binding:0, Steel Binding
tconstruct:tough_binding:0, Wooden Tough Binding
tconstruct:tough_binding:0, Stone Tough Binding
tconstruct:tough_binding:0, Flint Tough Binding
tconstruct:tough_binding:0, Cactus Tough Binding
tconstruct:tough_binding:0, Bone Tough Binding
tconstruct:tough_binding:0, Obsidian Tough Binding
tconstruct:tough_binding:0, Prismarine Tough Binding
tconstruct:tough_binding:0, End Tough Binding
tconstruct:tough_binding:0, Paper Tough Binding
tconstruct:tough_binding:0, Sponge Tough Binding
tconstruct:tough_binding:0, Firewood Tough Binding
tconstruct:tough_binding:0, Iron Tough Binding
tconstruct:tough_binding:0, Pig Iron Tough Binding
tconstruct:tough_binding:0, Knightslime Tough Binding
tconstruct:tough_binding:0, Slime Tough Binding
tconstruct:tough_binding:0, Slime Tough Binding
tconstruct:tough_binding:0, Magma Slime Tough Binding
tconstruct:tough_binding:0, Netherrack Tough Binding
tconstruct:tough_binding:0, Cobalt Tough Binding
tconstruct:tough_binding:0, Ardite Tough Binding
tconstruct:tough_binding:0, Manyullyn Tough Binding
tconstruct:tough_binding:0, Copper Tough Binding
tconstruct:tough_binding:0, Bronze Tough Binding
tconstruct:tough_binding:0, Lead Tough Binding
tconstruct:tough_binding:0, Silver Tough Binding
tconstruct:tough_binding:0, Electrum Tough Binding
tconstruct:tough_binding:0, Steel Tough Binding
tconstruct:wide_guard:0, Wooden Wide Guard
tconstruct:wide_guard:0, Stone Wide Guard
tconstruct:wide_guard:0, Flint Wide Guard
tconstruct:wide_guard:0, Cactus Wide Guard
tconstruct:wide_guard:0, Bone Wide Guard
tconstruct:wide_guard:0, Obsidian Wide Guard
tconstruct:wide_guard:0, Prismarine Wide Guard
tconstruct:wide_guard:0, End Wide Guard
tconstruct:wide_guard:0, Paper Wide Guard
tconstruct:wide_guard:0, Sponge Wide Guard
tconstruct:wide_guard:0, Firewood Wide Guard
tconstruct:wide_guard:0, Iron Wide Guard
tconstruct:wide_guard:0, Pig Iron Wide Guard
tconstruct:wide_guard:0, Knightslime Wide Guard
tconstruct:wide_guard:0, Slime Wide Guard
tconstruct:wide_guard:0, Slime Wide Guard
tconstruct:wide_guard:0, Magma Slime Wide Guard
tconstruct:wide_guard:0, Netherrack Wide Guard
tconstruct:wide_guard:0, Cobalt Wide Guard
tconstruct:wide_guard:0, Ardite Wide Guard
tconstruct:wide_guard:0, Manyullyn Wide Guard
tconstruct:wide_guard:0, Copper Wide Guard
tconstruct:wide_guard:0, Bronze Wide Guard
tconstruct:wide_guard:0, Lead Wide Guard
tconstruct:wide_guard:0, Silver Wide Guard
tconstruct:wide_guard:0, Electrum Wide Guard
tconstruct:wide_guard:0, Steel Wide Guard
tconstruct:hand_guard:0, Wooden Hand Guard
tconstruct:hand_guard:0, Stone Hand Guard
tconstruct:hand_guard:0, Flint Hand Guard
tconstruct:hand_guard:0, Cactus Hand Guard
tconstruct:hand_guard:0, Bone Hand Guard
tconstruct:hand_guard:0, Obsidian Hand Guard
tconstruct:hand_guard:0, Prismarine Hand Guard
tconstruct:hand_guard:0, End Hand Guard
tconstruct:hand_guard:0, Paper Hand Guard
tconstruct:hand_guard:0, Sponge Hand Guard
tconstruct:hand_guard:0, Firewood Hand Guard
tconstruct:hand_guard:0, Iron Hand Guard
tconstruct:hand_guard:0, Pig Iron Hand Guard
tconstruct:hand_guard:0, Knightslime Hand Guard
tconstruct:hand_guard:0, Slime Hand Guard
tconstruct:hand_guard:0, Slime Hand Guard
tconstruct:hand_guard:0, Magma Slime Hand Guard
tconstruct:hand_guard:0, Netherrack Hand Guard
tconstruct:hand_guard:0, Cobalt Hand Guard
tconstruct:hand_guard:0, Ardite Hand Guard
tconstruct:hand_guard:0, Manyullyn Hand Guard
tconstruct:hand_guard:0, Copper Hand Guard
tconstruct:hand_guard:0, Bronze Hand Guard
tconstruct:hand_guard:0, Lead Hand Guard
tconstruct:hand_guard:0, Silver Hand Guard
tconstruct:hand_guard:0, Electrum Hand Guard
tconstruct:hand_guard:0, Steel Hand Guard
tconstruct:cross_guard:0, Wooden Cross Guard
tconstruct:cross_guard:0, Stone Cross Guard
tconstruct:cross_guard:0, Flint Cross Guard
tconstruct:cross_guard:0, Cactus Cross Guard
tconstruct:cross_guard:0, Bone Cross Guard
tconstruct:cross_guard:0, Obsidian Cross Guard
tconstruct:cross_guard:0, Prismarine Cross Guard
tconstruct:cross_guard:0, End Cross Guard
tconstruct:cross_guard:0, Paper Cross Guard
tconstruct:cross_guard:0, Sponge Cross Guard
tconstruct:cross_guard:0, Firewood Cross Guard
tconstruct:cross_guard:0, Iron Cross Guard
tconstruct:cross_guard:0, Pig Iron Cross Guard
tconstruct:cross_guard:0, Knightslime Cross Guard
tconstruct:cross_guard:0, Slime Cross Guard
tconstruct:cross_guard:0, Slime Cross Guard
tconstruct:cross_guard:0, Magma Slime Cross Guard
tconstruct:cross_guard:0, Netherrack Cross Guard
tconstruct:cross_guard:0, Cobalt Cross Guard
tconstruct:cross_guard:0, Ardite Cross Guard
tconstruct:cross_guard:0, Manyullyn Cross Guard
tconstruct:cross_guard:0, Copper Cross Guard
tconstruct:cross_guard:0, Bronze Cross Guard
tconstruct:cross_guard:0, Lead Cross Guard
tconstruct:cross_guard:0, Silver Cross Guard
tconstruct:cross_guard:0, Electrum Cross Guard
tconstruct:cross_guard:0, Steel Cross Guard
tconstruct:large_plate:0, Wooden Large Plate
tconstruct:large_plate:0, Stone Large Plate
tconstruct:large_plate:0, Flint Large Plate
tconstruct:large_plate:0, Cactus Large Plate
tconstruct:large_plate:0, Bone Large Plate
tconstruct:large_plate:0, Obsidian Large Plate
tconstruct:large_plate:0, Prismarine Large Plate
tconstruct:large_plate:0, End Large Plate
tconstruct:large_plate:0, Paper Large Plate
tconstruct:large_plate:0, Sponge Large Plate
tconstruct:large_plate:0, Firewood Large Plate
tconstruct:large_plate:0, Iron Large Plate
tconstruct:large_plate:0, Pig Iron Large Plate
tconstruct:large_plate:0, Knightslime Large Plate
tconstruct:large_plate:0, Slime Large Plate
tconstruct:large_plate:0, Slime Large Plate
tconstruct:large_plate:0, Magma Slime Large Plate
tconstruct:large_plate:0, Netherrack Large Plate
tconstruct:large_plate:0, Cobalt Large Plate
tconstruct:large_plate:0, Ardite Large Plate
tconstruct:large_plate:0, Manyullyn Large Plate
tconstruct:large_plate:0, Copper Large Plate
tconstruct:large_plate:0, Bronze Large Plate
tconstruct:large_plate:0, Lead Large Plate
tconstruct:large_plate:0, Silver Large Plate
tconstruct:large_plate:0, Electrum Large Plate
tconstruct:large_plate:0, Steel Large Plate
tconstruct:knife_blade:0, Wooden Knife Blade
tconstruct:knife_blade:0, Stone Knife Blade
tconstruct:knife_blade:0, Flint Knife Blade
tconstruct:knife_blade:0, Cactus Knife Blade
tconstruct:knife_blade:0, Bone Knife Blade
tconstruct:knife_blade:0, Obsidian Knife Blade
tconstruct:knife_blade:0, Prismarine Knife Blade
tconstruct:knife_blade:0, End Knife Blade
tconstruct:knife_blade:0, Paper Knife Blade
tconstruct:knife_blade:0, Sponge Knife Blade
tconstruct:knife_blade:0, Firewood Knife Blade
tconstruct:knife_blade:0, Iron Knife Blade
tconstruct:knife_blade:0, Pig Iron Knife Blade
tconstruct:knife_blade:0, Knightslime Knife Blade
tconstruct:knife_blade:0, Slime Knife Blade
tconstruct:knife_blade:0, Slime Knife Blade
tconstruct:knife_blade:0, Magma Slime Knife Blade
tconstruct:knife_blade:0, Netherrack Knife Blade
tconstruct:knife_blade:0, Cobalt Knife Blade
tconstruct:knife_blade:0, Ardite Knife Blade
tconstruct:knife_blade:0, Manyullyn Knife Blade
tconstruct:knife_blade:0, Copper Knife Blade
tconstruct:knife_blade:0, Bronze Knife Blade
tconstruct:knife_blade:0, Lead Knife Blade
tconstruct:knife_blade:0, Silver Knife Blade
tconstruct:knife_blade:0, Electrum Knife Blade
tconstruct:knife_blade:0, Steel Knife Blade
tconstruct:bow_limb:0, Wooden Bowlimb
tconstruct:bow_limb:0, Stone Bowlimb
tconstruct:bow_limb:0, Flint Bowlimb
tconstruct:bow_limb:0, Cactus Bowlimb
tconstruct:bow_limb:0, Bone Bowlimb
tconstruct:bow_limb:0, Obsidian Bowlimb
tconstruct:bow_limb:0, Prismarine Bowlimb
tconstruct:bow_limb:0, End Bowlimb
tconstruct:bow_limb:0, Paper Bowlimb
tconstruct:bow_limb:0, Sponge Bowlimb
tconstruct:bow_limb:0, Firewood Bowlimb
tconstruct:bow_limb:0, Iron Bowlimb
tconstruct:bow_limb:0, Pig Iron Bowlimb
tconstruct:bow_limb:0, Knightslime Bowlimb
tconstruct:bow_limb:0, Slime Bowlimb
tconstruct:bow_limb:0, Slime Bowlimb
tconstruct:bow_limb:0, Magma Slime Bowlimb
tconstruct:bow_limb:0, Netherrack Bowlimb
tconstruct:bow_limb:0, Cobalt Bowlimb
tconstruct:bow_limb:0, Ardite Bowlimb
tconstruct:bow_limb:0, Manyullyn Bowlimb
tconstruct:bow_limb:0, Copper Bowlimb
tconstruct:bow_limb:0, Bronze Bowlimb
tconstruct:bow_limb:0, Lead Bowlimb
tconstruct:bow_limb:0, Silver Bowlimb
tconstruct:bow_limb:0, Electrum Bowlimb
tconstruct:bow_limb:0, Steel Bowlimb
tconstruct:bow_string:0, String Bowstring
tconstruct:bow_string:0, Slimevine Bowstring
tconstruct:bow_string:0, Slimevine Bowstring
tconstruct:bow_string:0, Vines Bowstring
tconstruct:arrow_head:0, Wooden Arrow Head
tconstruct:arrow_head:0, Stone Arrow Head
tconstruct:arrow_head:0, Flint Arrow Head
tconstruct:arrow_head:0, Cactus Arrow Head
tconstruct:arrow_head:0, Bone Arrow Head
tconstruct:arrow_head:0, Obsidian Arrow Head
tconstruct:arrow_head:0, Prismarine Arrow Head
tconstruct:arrow_head:0, End Arrow Head
tconstruct:arrow_head:0, Paper Arrow Head
tconstruct:arrow_head:0, Sponge Arrow Head
tconstruct:arrow_head:0, Firewood Arrow Head
tconstruct:arrow_head:0, Iron Arrow Head
tconstruct:arrow_head:0, Pig Iron Arrow Head
tconstruct:arrow_head:0, Knightslime Arrow Head
tconstruct:arrow_head:0, Slime Arrow Head
tconstruct:arrow_head:0, Slime Arrow Head
tconstruct:arrow_head:0, Magma Slime Arrow Head
tconstruct:arrow_head:0, Netherrack Arrow Head
tconstruct:arrow_head:0, Cobalt Arrow Head
tconstruct:arrow_head:0, Ardite Arrow Head
tconstruct:arrow_head:0, Manyullyn Arrow Head
tconstruct:arrow_head:0, Copper Arrow Head
tconstruct:arrow_head:0, Bronze Arrow Head
tconstruct:arrow_head:0, Lead Arrow Head
tconstruct:arrow_head:0, Silver Arrow Head
tconstruct:arrow_head:0, Electrum Arrow Head
tconstruct:arrow_head:0, Steel Arrow Head
tconstruct:arrow_shaft:0, Wooden Arrow Shaft
tconstruct:arrow_shaft:0, Bone Arrow Shaft
tconstruct:arrow_shaft:0, Blazerod Arrow Shaft
tconstruct:arrow_shaft:0, Reeds Arrow Shaft
tconstruct:arrow_shaft:0, Ice Arrow Shaft
tconstruct:arrow_shaft:0, Endrod Arrow Shaft
tconstruct:fletching:0, Feather Fletching
tconstruct:fletching:0, Slimeleaf Fletching
tconstruct:fletching:0, Slimeleaf Fletching
tconstruct:fletching:0, Slimeleaf Fletching
tconstruct:fletching:0, Leaf Fletching
tconstruct:bolt_core:0, Wood-Iron Bolt Core
tconstruct:bolt_core:0, Bone-Iron Bolt Core
tconstruct:bolt_core:0, Blazerod-Iron Bolt Core
tconstruct:bolt_core:0, Reeds-Iron Bolt Core
tconstruct:bolt_core:0, Ice-Iron Bolt Core
tconstruct:bolt_core:0, Endrod-Iron Bolt Core
tconstruct:tooltables:0, Crafting Station
tconstruct:tooltables:1, Stencil Table
tconstruct:tooltables:1, Stencil Table
tconstruct:tooltables:1, Stencil Table
tconstruct:tooltables:1, Stencil Table
tconstruct:tooltables:1, Stencil Table
tconstruct:tooltables:1, Stencil Table
tconstruct:tooltables:1, Stencil Table
tconstruct:tooltables:1, Stencil Table
tconstruct:tooltables:1, Stencil Table
tconstruct:tooltables:1, Stencil Table
tconstruct:tooltables:1, Stencil Table
tconstruct:tooltables:1, Stencil Table
tconstruct:tooltables:1, Stencil Table
tconstruct:tooltables:1, Stencil Table
tconstruct:tooltables:1, Stencil Table
tconstruct:tooltables:1, Stencil Table
tconstruct:tooltables:1, Stencil Table
tconstruct:tooltables:1, Stencil Table
tconstruct:tooltables:1, Stencil Table
tconstruct:tooltables:1, Stencil Table
tconstruct:tooltables:1, Stencil Table
tconstruct:tooltables:1, Stencil Table
tconstruct:tooltables:4, Pattern Chest
tconstruct:tooltables:2, Part Builder
tconstruct:tooltables:2, Part Builder
tconstruct:tooltables:2, Part Builder
tconstruct:tooltables:2, Part Builder
tconstruct:tooltables:2, Part Builder
tconstruct:tooltables:2, Part Builder
tconstruct:tooltables:2, Part Builder
tconstruct:tooltables:2, Part Builder
tconstruct:tooltables:2, Part Builder
tconstruct:tooltables:2, Part Builder
tconstruct:tooltables:2, Part Builder
tconstruct:tooltables:2, Part Builder
tconstruct:tooltables:2, Part Builder
tconstruct:tooltables:2, Part Builder
tconstruct:tooltables:2, Part Builder
tconstruct:tooltables:2, Part Builder
tconstruct:tooltables:2, Part Builder
tconstruct:tooltables:2, Part Builder
tconstruct:tooltables:2, Part Builder
tconstruct:tooltables:2, Part Builder
tconstruct:tooltables:2, Part Builder
tconstruct:tooltables:2, Part Builder
tconstruct:tooltables:2, Part Builder
tconstruct:tooltables:2, Part Builder
tconstruct:tooltables:5, Part Chest
tconstruct:tooltables:3, Tool Station
tconstruct:toolforge:0, Tool Forge
tconstruct:toolforge:0, Tool Forge
tconstruct:toolforge:0, Tool Forge
tconstruct:toolforge:0, Tool Forge
tconstruct:toolforge:0, Tool Forge
tconstruct:toolforge:0, Tool Forge
tconstruct:toolforge:0, Tool Forge
tconstruct:toolforge:0, Tool Forge
tconstruct:toolforge:0, Tool Forge
tconstruct:toolforge:0, Tool Forge
tconstruct:toolforge:0, Tool Forge
tconstruct:toolforge:0, Tool Forge
tconstruct:toolforge:0, Tool Forge
tconstruct:toolforge:0, Tool Forge
tconstruct:pickaxe, Pickaxe
tconstruct:shovel, Shovel
tconstruct:hatchet, Hatchet
tconstruct:mattock, Mattock
tconstruct:kama, Kama
tconstruct:hammer, Hammer
tconstruct:excavator, Excavator
tconstruct:lumberaxe, Lumberaxe
tconstruct:scythe, Scythe
tconstruct:broadsword, Broadsword
tconstruct:longsword, Longsword
tconstruct:rapier, Rapier
tconstruct:frypan, Frypan
tconstruct:battlesign, Battlesign
tconstruct:cleaver, Cleaver
tconstruct:shortbow, Shortbow
tconstruct:longbow, Longbow
tconstruct:crossbow, Crossbow
tconstruct:arrow, Arrow
tconstruct:bolt, Bolt
tconstruct:shuriken, Shuriken
tconstruct:seared:0, Seared Stone
tconstruct:seared:1, Seared Cobblestone
tconstruct:seared:2, Seared Paver
tconstruct:seared:3, Seared Bricks
tconstruct:seared:4, Cracked Seared Bricks
tconstruct:seared:5, Fancy Seared Bricks
tconstruct:seared:6, Square Seared Bricks
tconstruct:seared:7, Seared Road
tconstruct:seared:8, Seared Creeperface
tconstruct:seared:9, Triangle Seared Bricks
tconstruct:seared:10, Small Seared Bricks
tconstruct:seared:11, Seared Tiles
tconstruct:smeltery_controller:0, Smeltery Controller
tconstruct:seared_tank:0, Seared Tank
tconstruct:seared_tank:1, Seared Gauge
tconstruct:seared_tank:2, Seared Window
tconstruct:faucet:0, Seared Faucet
tconstruct:channel:0, Casting Channel
tconstruct:casting:0, Casting Table
tconstruct:casting:1, Casting Basin
tconstruct:smeltery_io:0, Seared Drain
tconstruct:seared_glass:0, Seared Glass
tconstruct:seared_furnace_controller:0, Seared Furnace Controller
tconstruct:tinker_tank_controller:0, Tinker Tank Controller
tconstruct:seared_slab:0, Seared Stone Slab
tconstruct:seared_slab:1, Seared Cobblestone Slab
tconstruct:seared_slab:2, Seared Paver Slab
tconstruct:seared_slab:3, Seared Bricks Slab
tconstruct:seared_slab:4, Cracked Seared Bricks Slab
tconstruct:seared_slab:5, Fancy Seared Bricks Slab
tconstruct:seared_slab:6, Square Seared Bricks Slab
tconstruct:seared_slab:7, Seared Road Slab
tconstruct:seared_slab2:0, Seared Creeperface Slab
tconstruct:seared_slab2:1, Triangle Seared Bricks Slab
tconstruct:seared_slab2:2, Small Seared Bricks Slab
tconstruct:seared_slab2:3, Seared Tile Slab
tconstruct:seared_stairs_stone:0, Seared Stone Stairs
tconstruct:seared_stairs_cobble:0, Seared Cobblestone Stairs
tconstruct:seared_stairs_paver:0, Seared Paver Stairs
tconstruct:seared_stairs_brick:0, Seared Bricks Stairs
tconstruct:seared_stairs_brick_cracked:0, Cracked Seared Bricks Stairs
tconstruct:seared_stairs_brick_fancy:0, Fancy Seared Bricks Stairs
tconstruct:seared_stairs_brick_square:0, Square Seared Bricks Stairs
tconstruct:seared_stairs_brick_triangle:0, Triangle Seared Bricks Stairs
tconstruct:seared_stairs_brick_small:0, Small Seared Bricks Stairs
tconstruct:seared_stairs_road:0, Seared Road Stairs
tconstruct:seared_stairs_tile:0, Seared Tile Stairs
tconstruct:seared_stairs_creeper:0, Seared Creeperface Stairs
tconstruct:cast:0, Blank Cast
tconstruct:cast:0, Pan Cast
tconstruct:cast:0, Broad Axe Head Cast
tconstruct:cast:0, Excavator Head Cast
tconstruct:cast:0, Large Sword Blade Cast
tconstruct:cast:0, Axe Head Cast
tconstruct:cast:0, Sharpening Kit Cast
tconstruct:cast:0, Pickaxe Head Cast
tconstruct:cast:0, Tough Tool Rod Cast
tconstruct:cast:0, Hand Guard Cast
tconstruct:cast:0, Tool Rod Cast
tconstruct:cast:0, Shard Cast
tconstruct:cast:0, Scythe Head Cast
tconstruct:cast:0, Knife Blade Cast
tconstruct:cast:0, Kama Head Cast
tconstruct:cast:0, Bowlimb Cast
tconstruct:cast:0, Hammer Head Cast
tconstruct:cast:0, Cross Guard Cast
tconstruct:cast:0, Sword Blade Cast
tconstruct:cast:0, Wide Guard Cast
tconstruct:cast:0, Sign Plate Cast
tconstruct:cast:0, Tough Binding Cast
tconstruct:cast:0, Binding Cast
tconstruct:cast:0, Arrow Head Cast
tconstruct:cast:0, Large Plate Cast
tconstruct:cast:0, Shovel Head Cast
tconstruct:cast_custom:0, Ingot Cast
tconstruct:cast_custom:1, Nugget Cast
tconstruct:cast_custom:2, Gem Cast
tconstruct:cast_custom:3, Plate Cast
tconstruct:cast_custom:4, Gear Cast
tconstruct:clay_cast:0, item.tconstruct.clay_cast.blank
tconstruct:clay_cast:0, Pan Clay Cast
tconstruct:clay_cast:0, Broad Axe Head Clay Cast
tconstruct:clay_cast:0, Excavator Head Clay Cast
tconstruct:clay_cast:0, Large Sword Blade Clay Cast
tconstruct:clay_cast:0, Axe Head Clay Cast
tconstruct:clay_cast:0, Sharpening Kit Clay Cast
tconstruct:clay_cast:0, Pickaxe Head Clay Cast
tconstruct:clay_cast:0, Tough Tool Rod Clay Cast
tconstruct:clay_cast:0, Hand Guard Clay Cast
tconstruct:clay_cast:0, Tool Rod Clay Cast
tconstruct:clay_cast:0, Shard Clay Cast
tconstruct:clay_cast:0, Scythe Head Clay Cast
tconstruct:clay_cast:0, Knife Blade Clay Cast
tconstruct:clay_cast:0, Kama Head Clay Cast
tconstruct:clay_cast:0, Bowlimb Clay Cast
tconstruct:clay_cast:0, Hammer Head Clay Cast
tconstruct:clay_cast:0, Cross Guard Clay Cast
tconstruct:clay_cast:0, Sword Blade Clay Cast
tconstruct:clay_cast:0, Wide Guard Clay Cast
tconstruct:clay_cast:0, Sign Plate Clay Cast
tconstruct:clay_cast:0, Tough Binding Clay Cast
tconstruct:clay_cast:0, Binding Clay Cast
tconstruct:clay_cast:0, Arrow Head Clay Cast
tconstruct:clay_cast:0, Large Plate Clay Cast
tconstruct:clay_cast:0, Shovel Head Clay Cast
tconstruct:stone_torch:0, Stone Torch
tconstruct:stone_ladder:0, Stone Ladder
tconstruct:punji:0, Punji Sticks
tconstruct:rack:0, Item Rack
tconstruct:rack:1, Drying Rack
tconstruct:wood_rail:0, Wooden Rail
tconstruct:wood_rail_trapdoor:0, Wooden Rail with a Trapdoor
tconstruct:wooden_hopper:0, Wooden Hopper
tconstruct:slime_channel:0, Slime Channel
tconstruct:slime_channel:1, Slime Channel
tconstruct:slime_channel:2, Slime Channel
tconstruct:slime_channel:3, Blood Channel
tconstruct:slime_channel:4, Slime Channel
tconstruct:dried_clay:0, Dried Clay
tconstruct:dried_clay:1, Dried Bricks
tconstruct:dried_clay_slab:0, Dried Clay Slab
tconstruct:dried_clay_slab:1, Dried Bricks Slab
tconstruct:dried_clay_stairs:0, Dried Clay Stairs
tconstruct:dried_brick_stairs:0, Dried Bricks Stairs
tconstruct:brownstone:0, Smooth Brownstone
tconstruct:brownstone:1, Rough Brownstone
tconstruct:brownstone:2, Brownstone Paver
tconstruct:brownstone:3, Brownstone Bricks
tconstruct:brownstone:4, Cracked Brownstone Bricks
tconstruct:brownstone:5, Fancy Brownstone Bricks
tconstruct:brownstone:6, Square Brownstone Bricks
tconstruct:brownstone:7, Brownstone Road
tconstruct:brownstone:8, Brownstone Creeperface
tconstruct:brownstone:9, Triangle Brownstone Bricks
tconstruct:brownstone:10, Small Brownstone Bricks
tconstruct:brownstone:11, Brownstone Tiles
tconstruct:brownstone_slab:0, Smooth Brownstone Slab
tconstruct:brownstone_slab:1, Rough Brownstone Slab
tconstruct:brownstone_slab:2, Brownstone Paver Slab
tconstruct:brownstone_slab:3, Brownstone Bricks Slab
tconstruct:brownstone_slab:4, Cracked Brownstone Bricks Slab
tconstruct:brownstone_slab:5, Fancy Brownstone Bricks Slab
tconstruct:brownstone_slab:6, Square Brownstone Bricks Slab
tconstruct:brownstone_slab:7, Brownstone Road Slab
tconstruct:brownstone_slab2:0, Brownstone Creeperface Slab
tconstruct:brownstone_slab2:1, Triangle Brownstone Bricks Slab
tconstruct:brownstone_slab2:2, Small Brownstone Bricks Slab
tconstruct:brownstone_slab2:3, Brownstone Tile Slab
tconstruct:brownstone_stairs_smooth:0, Smooth Brownstone Stairs
tconstruct:brownstone_stairs_rough:0, Rough Brownstone Stairs
tconstruct:brownstone_stairs_paver:0, Brownstone Paver Stairs
tconstruct:brownstone_stairs_brick:0, Brownstone Bricks Stairs
tconstruct:brownstone_stairs_brick_cracked:0, Cracked Brownstone Bricks Stairs
tconstruct:brownstone_stairs_brick_fancy:0, Fancy Brownstone Bricks Stairs
tconstruct:brownstone_stairs_brick_square:0, Square Brownstone Bricks Stairs
tconstruct:brownstone_stairs_brick_triangle:0, Triangle Brownstone Bricks Stairs
tconstruct:brownstone_stairs_brick_small:0, Small Brownstone Bricks Stairs
tconstruct:brownstone_stairs_road:0, Brownstone Road Stairs
tconstruct:brownstone_stairs_tile:0, Brownstone Tile Stairs
tconstruct:brownstone_stairs_creeper:0, Brownstone Creeperface Stairs
tconstruct:slimesling:0, Slimesling
tconstruct:slimesling:1, Slimesling
tconstruct:slimesling:2, Slimesling
tconstruct:slimesling:3, Congealed Bloodsling
tconstruct:slimesling:4, Slimesling
tconstruct:slime_boots:0, Slime Boots
tconstruct:slime_boots:1, Slime Boots
tconstruct:slime_boots:2, Slime Boots
tconstruct:slime_boots:3, Congealed Blood Boots
tconstruct:slime_boots:4, Slime Boots
tconstruct:piggybackpack, Piggybackpack
tconstruct:throwball:0, Glowball
tconstruct:throwball:1, EFLN
tconstruct:stone_stick, Stone Rod
tconstruct:fancy_frame:0, Fancy Item Frame
tconstruct:fancy_frame:1, Aluminium Brass Item Frame
tconstruct:fancy_frame:2, Cobalt Item Frame
tconstruct:fancy_frame:3, Ardite Item Frame
tconstruct:fancy_frame:4, Manyullyn Item Frame
tconstruct:fancy_frame:5, Golden Item Frame
tconstruct:fancy_frame:6, Clear Item Frame
tconstruct:moms_spaghetti, Mom's Spaghetti
ichunutil:compact_porkchop, Compact Raw Porkchop
backpacks16840:unknown_item:0, Unknown Item
backpacks16840:backpack:0, Black Backpack
backpacks16840:backpack:1, Red Backpack
backpacks16840:backpack:2, Green Backpack
backpacks16840:backpack:3, Backpack
backpacks16840:backpack:4, Blue Backpack
backpacks16840:backpack:5, Purple Backpack
backpacks16840:backpack:6, Cyan Backpack
backpacks16840:backpack:7, Silver Backpack
backpacks16840:backpack:8, Gray Backpack
backpacks16840:backpack:9, Pink Backpack
backpacks16840:backpack:10, Lime Backpack
backpacks16840:backpack:11, Yellow Backpack
backpacks16840:backpack:12, Light Blue Backpack
backpacks16840:backpack:13, Magenta Backpack
backpacks16840:backpack:14, Orange Backpack
backpacks16840:backpack:15, White Backpack
backpacks16840:quantum_backpack, Quantum Backpack
backpacks16840:backpack_resizer, Backpack Resizer
backpacks16840:backpack_restorer, Backpack Restorer
backpacks16840:backpack_pouch, Backpack Pouch
backpacks16840:backpack_block, Backpack
backpacks16840:quantum_chest, Quantum Chest
buildcraftcore:spring:0, Water Spring
buildcraftcore:spring:1, Oil Spring
buildcraftcore:decorated:0, tile.decorated.destroy.name
buildcraftcore:decorated:1, Blueprint (Decoration)
buildcraftcore:decorated:2, Template (Decoration)
buildcraftcore:decorated:3, tile.decorated.paper.name
buildcraftcore:decorated:4, tile.decorated.leather.name
buildcraftcore:decorated:5, Laser (Decoration)
buildcraftcore:marker_volume, Land Mark
buildcraftcore:marker_path, Path Mark
buildcraftcore:engine:0, Redstone Engine
buildcraftcore:engine:1, Stirling Engine
buildcraftcore:engine:2, Combustion Engine
buildcraftcore:engine:3, Creative Engine
buildcraftcore:wrench, Wrench
buildcraftcore:gear_wood, Wood Gear
buildcraftcore:gear_stone, Stone Gear
buildcraftcore:gear_iron, Iron Gear
buildcraftcore:gear_gold, Gold Gear
buildcraftcore:gear_diamond, Diamond Gear
buildcraftcore:paintbrush:64, Paintbrush
buildcraftcore:paintbrush:0, §z§0§fWhite§r Paintbrush
buildcraftcore:paintbrush:0, §z§1§6Orange§r Paintbrush
buildcraftcore:paintbrush:0, §z§2§dMagenta§r Paintbrush
buildcraftcore:paintbrush:0, §z§3§bLight Blue§r Paintbrush
buildcraftcore:paintbrush:0, §z§4§eYellow§r Paintbrush
buildcraftcore:paintbrush:0, §z§5§aLime§r Paintbrush
buildcraftcore:paintbrush:0, §z§6§dPink§r Paintbrush
buildcraftcore:paintbrush:0, §z§7§7Gray§r Paintbrush
buildcraftcore:paintbrush:0, §z§8§7Light Gray§r Paintbrush
buildcraftcore:paintbrush:0, §z§9§3Cyan§r Paintbrush
buildcraftcore:paintbrush:0, §z§a§dPurple§r Paintbrush
buildcraftcore:paintbrush:0, §9§9Blue§r Paintbrush
buildcraftcore:paintbrush:0, §z§c§6Brown§r Paintbrush
buildcraftcore:paintbrush:0, §z§d§aGreen§r Paintbrush
buildcraftcore:paintbrush:0, §z§e§cRed§r Paintbrush
buildcraftcore:paintbrush:0, §0§7Black§r Paintbrush
buildcraftcore:list, List
buildcraftcore:map_location:0, Map Location
buildcraftcore:marker_connector, Marker Connector
buildcraftcore:volume_box, item.volume_box.name
buildcraftcore:fragile_fluid_shard, Fragile %s Shard
buildcraftbuilders:snapshot:2, Blueprint
buildcraftbuilders:snapshot:0, Template
buildcraftbuilders:schematic_single:0, Single Block Schematic
buildcraftbuilders:filler_planner, Filler Planner
buildcraftbuilders:filler, Filler
buildcraftbuilders:builder, Builder
buildcraftbuilders:architect, Architect Table
buildcraftbuilders:library, Electronic Library
buildcraftbuilders:replacer, tile.replacerBlock.name
buildcraftbuilders:frame, Frame
buildcraftbuilders:quarry, Quarry
buildcrafttransport:pipe_structure:0, Cobblestone Structure Pipe
buildcrafttransport:pipe_wood_item:0, Wooden Transport Pipe
buildcrafttransport:pipe_cobble_item:0, Cobblestone Transport Pipe
buildcrafttransport:pipe_stone_item:0, Stone Transport Pipe
buildcrafttransport:pipe_quartz_item:0, Quartz Transport Pipe
buildcrafttransport:pipe_iron_item:0, Iron Transport Pipe
buildcrafttransport:pipe_gold_item:0, Golden Transport Pipe
buildcrafttransport:pipe_clay_item:0, Clay Transport Pipe
buildcrafttransport:pipe_sandstone_item:0, Sandstone Transport Pipe
buildcrafttransport:pipe_void_item:0, Void Transport Pipe
buildcrafttransport:pipe_obsidian_item:0, Obsidian Transport Pipe
buildcrafttransport:pipe_diamond_item:0, Diamond Transport Pipe
buildcrafttransport:pipe_diamond_wood_item:0, Wooden Diamond Transport Pipe
buildcrafttransport:pipe_lapis_item:0, Lazuli Transport Pipe
buildcrafttransport:pipe_daizuli_item:0, Daizuli Transport Pipe
buildcrafttransport:pipe_emzuli_item:0, Emzuli Transport Pipe
buildcrafttransport:pipe_stripes_item:0, Stripes Transport Pipe
buildcrafttransport:pipe_wood_fluid:0, Wooden Fluid Pipe
buildcrafttransport:pipe_cobble_fluid:0, Cobblestone Fluid Pipe
buildcrafttransport:pipe_stone_fluid:0, Stone Fluid Pipe
buildcrafttransport:pipe_quartz_fluid:0, Quartz Fluid Pipe
buildcrafttransport:pipe_gold_fluid:0, Golden Fluid Pipe
buildcrafttransport:pipe_iron_fluid:0, Iron Fluid Pipe
buildcrafttransport:pipe_clay_fluid:0, Clay Fluid Pipe
buildcrafttransport:pipe_sandstone_fluid:0, Sandstone Fluid Pipe
buildcrafttransport:pipe_void_fluid:0, Void Fluid Pipe
buildcrafttransport:pipe_diamond_fluid:0, Diamond Fluid Pipe
buildcrafttransport:pipe_diamond_wood_fluid:0, Wooden Diamond Fluid Pipe
buildcrafttransport:pipe_wood_power:0, Wooden Kinesis Pipe
buildcrafttransport:pipe_cobble_power:0, Cobblestone Kinesis Pipe
buildcrafttransport:pipe_stone_power:0, Stone Kinesis Pipe
buildcrafttransport:pipe_quartz_power:0, Quartz Kinesis Pipe
buildcrafttransport:pipe_gold_power:0, Golden Kinesis Pipe
buildcrafttransport:pipe_sandstone_power:0, Sandstone Kinesis Pipe
buildcrafttransport:filtered_buffer, Filtered Buffer
buildcrafttransport:waterproof, Pipe Sealant
buildcrafttransport:plug_blocker, Pipe Plug
buildcrafttransport:plug_power_adaptor, Power Adapter
buildcrafttransport:wire:0, §z§0§fWhite§r Pipe Wire
buildcrafttransport:wire:1, §z§1§6Orange§r Pipe Wire
buildcrafttransport:wire:2, §z§2§dMagenta§r Pipe Wire
buildcrafttransport:wire:3, §z§3§bLight Blue§r Pipe Wire
buildcrafttransport:wire:4, §z§4§eYellow§r Pipe Wire
buildcrafttransport:wire:5, §z§5§aLime§r Pipe Wire
buildcrafttransport:wire:6, §z§6§dPink§r Pipe Wire
buildcrafttransport:wire:7, §z§7§7Gray§r Pipe Wire
buildcrafttransport:wire:8, §z§8§7Light Gray§r Pipe Wire
buildcrafttransport:wire:9, §z§9§3Cyan§r Pipe Wire
buildcrafttransport:wire:10, §z§a§dPurple§r Pipe Wire
buildcrafttransport:wire:11, §9§9Blue§r Pipe Wire
buildcrafttransport:wire:12, §z§c§6Brown§r Pipe Wire
buildcrafttransport:wire:13, §z§d§aGreen§r Pipe Wire
buildcrafttransport:wire:14, §z§e§cRed§r Pipe Wire
buildcrafttransport:wire:15, §0§7Black§r Pipe Wire
buildcraftsilicon:laser, Laser
buildcraftsilicon:assembly_table, Assembly Table
buildcraftsilicon:advanced_crafting_table, Advanced Crafting Table
buildcraftsilicon:integration_table, Integration Table
buildcraftsilicon:redstone_chipset:0, Redstone Chipset
buildcraftsilicon:redstone_chipset:1, Iron Chipset
buildcraftsilicon:redstone_chipset:2, Golden Chipset
buildcraftsilicon:redstone_chipset:3, Quartz Chipset
buildcraftsilicon:redstone_chipset:4, Diamond Chipset
buildcraftsilicon:gate_copier, Gate Copier
buildcraftsilicon:plug_gate, item.gate.name
buildcraftsilicon:plug_lens:0, §0§7Black§r Lens
buildcraftsilicon:plug_lens:1, §z§e§cRed§r Lens
buildcraftsilicon:plug_lens:2, §z§d§aGreen§r Lens
buildcraftsilicon:plug_lens:3, §z§c§6Brown§r Lens
buildcraftsilicon:plug_lens:4, §9§9Blue§r Lens
buildcraftsilicon:plug_lens:5, §z§a§dPurple§r Lens
buildcraftsilicon:plug_lens:6, §z§9§3Cyan§r Lens
buildcraftsilicon:plug_lens:7, §z§8§7Light Gray§r Lens
buildcraftsilicon:plug_lens:8, §z§7§7Gray§r Lens
buildcraftsilicon:plug_lens:9, §z§6§dPink§r Lens
buildcraftsilicon:plug_lens:10, §z§5§aLime§r Lens
buildcraftsilicon:plug_lens:11, §z§4§eYellow§r Lens
buildcraftsilicon:plug_lens:12, §z§3§bLight Blue§r Lens
buildcraftsilicon:plug_lens:13, §z§2§dMagenta§r Lens
buildcraftsilicon:plug_lens:14, §z§1§6Orange§r Lens
buildcraftsilicon:plug_lens:15, §z§0§fWhite§r Lens
buildcraftsilicon:plug_lens:16, §0§7Black§r Filter
buildcraftsilicon:plug_lens:17, §z§e§cRed§r Filter
buildcraftsilicon:plug_lens:18, §z§d§aGreen§r Filter
buildcraftsilicon:plug_lens:19, §z§c§6Brown§r Filter
buildcraftsilicon:plug_lens:20, §9§9Blue§r Filter
buildcraftsilicon:plug_lens:21, §z§a§dPurple§r Filter
buildcraftsilicon:plug_lens:22, §z§9§3Cyan§r Filter
buildcraftsilicon:plug_lens:23, §z§8§7Light Gray§r Filter
buildcraftsilicon:plug_lens:24, §z§7§7Gray§r Filter
buildcraftsilicon:plug_lens:25, §z§6§dPink§r Filter
buildcraftsilicon:plug_lens:26, §z§5§aLime§r Filter
buildcraftsilicon:plug_lens:27, §z§4§eYellow§r Filter
buildcraftsilicon:plug_lens:28, §z§3§bLight Blue§r Filter
buildcraftsilicon:plug_lens:29, §z§2§dMagenta§r Filter
buildcraftsilicon:plug_lens:30, §z§1§6Orange§r Filter
buildcraftsilicon:plug_lens:31, §z§0§fWhite§r Filter
buildcraftsilicon:plug_lens:32, Clear Lens
buildcraftsilicon:plug_lens:33, Clear Filter
buildcraftsilicon:plug_pulsar, Pipe Pulsar
buildcraftsilicon:plug_light_sensor, Light Sensor
buildcraftenergy:glob_of_oil, item.globOil.name
buildcraftfactory:autoworkbench_item, Auto Workbench
buildcraftfactory:mining_well, Mining Well
buildcraftfactory:pump, Pump
buildcraftfactory:flood_gate, Flood Gate
buildcraftfactory:tank, Tank
buildcraftfactory:chute, Chute
buildcraftfactory:distiller, Distiller
buildcraftfactory:heat_exchange, Heat Exchanger
buildcraftfactory:water_gel_spawn, Water Gelifier
buildcraftfactory:gel, Gelled Water
buildcraftrobotics:zone_planner, Zone Planner